,Akinyemi Agbede,Delaine Eastin,Albert Caesar Mezzetti,Thomas Jefferson Cares,Klement Tinaj,J. Bribiesca,John Chiang,Gavin Newsom,Michael Shellenberger,Antonio Villaraigosa,Amanda Renteria,Robert Davidson Griffis,Yvonne Girard,"Robert C. Newman, II",John H. Cox,"Peter Y
 Liu",Travis Allen,Christopher N. Carlson,"Josh
 Jones",Nickolas Wildstar,Zoltan Istvan,"Gloria Estela 
La Riva",Desmond Silveira,Jeffrey Edward Taylor,Johnny Wattenburg,Shubham Goel,"Hakan ""Hawk"" Mikado","K. 
Pearce",Veronika Fimbres,Peter Crawford Valentino,Arman Soltani,"Armando M.
Arreola"
,DEM,DEM,DEM,DEM,DEM,DEM,DEM,DEM,DEM,DEM,DEM,DEM,REP,REP,REP,REP,REP,GRN,GRN,LIB,LIB,PF,NPP,NPP,NPP,NPP,NPP,REP (W/I),GRN (W/I),NPP (W/I),NPP (W/I),NPP (W/I)
Alameda,374,"23,442",771,401,202,538,"31,990","178,155","1,021","33,219","4,461",185,513,"1,671","35,242",835,"14,656",448,"1,825",467,684,"1,176",174,185,146,305,173,0,10,2,0,0
  Percent,0.1%,7.0%,0.2%,0.1%,0.1%,0.2%,9.6%,53.5%,0.3%,10.0%,1.3%,0.1%,0.2%,0.5%,10.6%,0.3%,4.4%,0.1%,0.5%,0.1%,0.2%,0.4%,0.1%,0.1%,0.0%,0.1%,0.1%,0.0%,0.0%,0.0%,0.0%,0.0%
,,,,,,,,,,,,,,,,,,,,,,,,,,,,,,,,
Alpine,0,19,0,0,0,1,42,155,7,27,10,0,1,0,97,0,35,1,1,0,3,1,0,0,3,0,0,0,0,0,0,0
  Percent,0.0%,4.7%,0.0%,0.0%,0.0%,0.2%,10.4%,38.5%,1.7%,6.7%,2.5%,0.0%,0.2%,0.0%,24.1%,0.0%,8.7%,0.2%,0.2%,0.0%,0.7%,0.2%,0.0%,0.0%,0.7%,0.0%,0.0%,0.0%,0.0%,0.0%,0.0%,0.0%
,,,,,,,,,,,,,,,,,,,,,,,,,,,,,,,,
Amador,7,366,16,13,4,15,"1,039","2,786",53,755,133,20,102,64,"5,385",24,"1,946",15,20,29,41,30,8,8,19,4,12,0,0,0,0,0
  Percent,0.1%,2.8%,0.1%,0.1%,0.0%,0.1%,8.0%,21.6%,0.4%,5.8%,1.0%,0.2%,0.8%,0.5%,41.7%,0.2%,15.1%,0.1%,0.2%,0.2%,0.3%,0.2%,0.1%,0.1%,0.1%,0.0%,0.1%,0.0%,0.0%,0.0%,0.0%,0.0%
,,,,,,,,,,,,,,,,,,,,,,,,,,,,,,,,
Butte,79,"3,929",83,49,26,199,"3,349","14,076",425,"2,999","1,053",136,242,312,"18,898",260,"7,967",77,129,119,145,254,32,37,76,17,43,0,0,0,0,0
  Percent,0.1%,7.1%,0.2%,0.1%,0.0%,0.4%,6.1%,25.6%,0.8%,5.5%,1.9%,0.2%,0.4%,0.6%,34.4%,0.5%,14.5%,0.1%,0.2%,0.2%,0.3%,0.5%,0.1%,0.1%,0.1%,0.0%,0.1%,0.0%,0.0%,0.0%,0.0%,0.0%
,,,,,,,,,,,,,,,,,,,,,,,,,,,,,,,,
Calaveras,17,490,11,18,3,20,"1,042","3,663",69,837,158,29,152,78,"5,996",48,"2,841",22,32,38,42,36,6,8,19,5,8,0,0,0,0,0
  Percent,0.1%,3.1%,0.1%,0.1%,0.0%,0.1%,6.6%,23.3%,0.4%,5.3%,1.0%,0.2%,1.0%,0.5%,38.2%,0.3%,18.1%,0.1%,0.2%,0.2%,0.3%,0.2%,0.0%,0.1%,0.1%,0.0%,0.1%,0.0%,0.0%,0.0%,0.0%,0.0%
,,,,,,,,,,,,,,,,,,,,,,,,,,,,,,,,
Colusa,5,68,3,6,1,10,130,465,12,572,34,14,12,21,"1,544",34,580,2,6,7,10,14,1,0,8,1,5,0,0,0,0,0
  Percent,0.1%,1.9%,0.1%,0.2%,0.0%,0.3%,3.6%,13.0%,0.3%,16.0%,1.0%,0.4%,0.3%,0.6%,43.3%,1.0%,16.3%,0.1%,0.2%,0.2%,0.3%,0.4%,0.0%,0.0%,0.2%,0.0%,0.1%,0.0%,0.0%,0.0%,0.0%,0.0%
,,,,,,,,,,,,,,,,,,,,,,,,,,,,,,,,
Contra Costa,196,"8,016",220,251,66,319,"16,211","117,702","1,001","20,585","2,754",138,465,873,"46,604",272,"17,573",297,505,345,563,536,131,78,127,137,124,0,3,0,1,0
  Percent,0.1%,3.4%,0.1%,0.1%,0.0%,0.1%,6.9%,49.9%,0.4%,8.7%,1.2%,0.1%,0.2%,0.4%,19.7%,0.1%,7.4%,0.1%,0.2%,0.1%,0.2%,0.2%,0.1%,0.0%,0.1%,0.1%,0.1%,0.0%,0.0%,0.0%,0.0%,0.0%
,,,,,,,,,,,,,,,,,,,,,,,,,,,,,,,,
Del Norte,14,208,4,6,3,72,414,"1,241",37,188,114,15,39,38,"1,456",53,"1,320",10,24,12,12,36,10,8,10,5,7,0,0,0,0,0
  Percent,0.3%,3.9%,0.1%,0.1%,0.1%,1.3%,7.7%,23.2%,0.7%,3.5%,2.1%,0.3%,0.7%,0.7%,27.2%,1.0%,24.6%,0.2%,0.4%,0.2%,0.2%,0.7%,0.2%,0.1%,0.2%,0.1%,0.1%,0.0%,0.0%,0.0%,0.0%,0.0%
,,,,,,,,,,,,,,,,,,,,,,,,,,,,,,,,
El Dorado,41,"1,501",39,23,19,79,"4,612","13,885",242,"3,260",733,76,346,172,"23,025",79,"7,878",60,92,105,145,75,24,9,38,20,27,0,0,0,0,0
  Percent,0.1%,2.7%,0.1%,0.0%,0.0%,0.1%,8.1%,24.5%,0.4%,5.8%,1.3%,0.1%,0.6%,0.3%,40.7%,0.1%,13.9%,0.1%,0.2%,0.2%,0.3%,0.1%,0.0%,0.0%,0.1%,0.0%,0.0%,0.0%,0.0%,0.0%,0.0%,0.0%
,,,,,,,,,,,,,,,,,,,,,,,,,,,,,,,,
Fresno,160,"2,380",265,116,347,311,"10,284","22,599",414,"27,157","2,432",248,420,820,"45,272",560,"19,249",93,220,148,186,272,81,74,98,125,152,0,1,0,0,0
  Percent,0.1%,1.8%,0.2%,0.1%,0.3%,0.2%,7.6%,16.8%,0.3%,20.2%,1.8%,0.2%,0.3%,0.6%,33.7%,0.4%,14.3%,0.1%,0.2%,0.1%,0.1%,0.2%,0.1%,0.1%,0.1%,0.1%,0.1%,0.0%,0.0%,0.0%,0.0%,0.0%
,,,,,,,,,,,,,,,,,,,,,,,,,,,,,,,,
Glenn,1,142,6,9,0,15,162,616,27,433,65,15,29,40,"2,370",64,910,6,7,16,15,35,0,10,6,0,8,0,0,0,0,0
  Percent,0.0%,2.8%,0.1%,0.2%,0.0%,0.3%,3.2%,12.3%,0.5%,8.6%,1.3%,0.3%,0.6%,0.8%,47.3%,1.3%,18.2%,0.1%,0.1%,0.3%,0.3%,0.7%,0.0%,0.2%,0.1%,0.0%,0.2%,0.0%,0.0%,0.0%,0.0%,0.0%
,,,,,,,,,,,,,,,,,,,,,,,,,,,,,,,,
Humboldt,68,"2,807",38,37,40,382,"1,977","11,706",352,"1,604",688,111,181,170,"6,910",192,"2,904",118,282,108,105,209,27,14,35,11,24,0,0,1,1,0
  Percent,0.2%,9.0%,0.1%,0.1%,0.1%,1.2%,6.4%,37.6%,1.1%,5.2%,2.2%,0.4%,0.6%,0.5%,22.2%,0.6%,9.3%,0.4%,0.9%,0.3%,0.3%,0.7%,0.1%,0.0%,0.1%,0.0%,0.1%,0.0%,0.0%,0.0%,0.0%,0.0%
,,,,,,,,,,,,,,,,,,,,,,,,,,,,,,,,
Imperial,29,292,42,130,15,535,"1,487","2,278",129,"5,835",614,136,137,150,"4,284",171,"1,884",31,52,28,28,333,37,39,26,10,20,0,0,0,1,0
  Percent,0.2%,1.6%,0.2%,0.7%,0.1%,2.9%,7.9%,12.1%,0.7%,31.1%,3.3%,0.7%,0.7%,0.8%,22.8%,0.9%,10.0%,0.2%,0.3%,0.1%,0.1%,1.8%,0.2%,0.2%,0.1%,0.1%,0.1%,0.0%,0.0%,0.0%,0.0%,0.0%
,,,,,,,,,,,,,,,,,,,,,,,,,,,,,,,,
Inyo,5,163,9,3,3,17,497,"1,296",44,491,100,10,43,164,"1,759",83,912,8,21,24,20,38,4,1,11,2,5,0,0,0,0,0
  Percent,0.1%,2.8%,0.2%,0.1%,0.1%,0.3%,8.7%,22.6%,0.8%,8.6%,1.7%,0.2%,0.8%,2.9%,30.7%,1.4%,15.9%,0.1%,0.4%,0.4%,0.3%,0.7%,0.1%,0.0%,0.2%,0.0%,0.1%,0.0%,0.0%,0.0%,0.0%,0.0%
,,,,,,,,,,,,,,,,,,,,,,,,,,,,,,,,
Kern,185,"2,073",122,133,73,251,"6,151","13,897",566,"15,974","2,128",608,531,797,"46,495",341,"22,788",93,142,221,207,223,86,95,249,80,82,6,0,0,0,0
  Percent,0.2%,1.8%,0.1%,0.1%,0.1%,0.2%,5.4%,12.1%,0.5%,13.9%,1.9%,0.5%,0.5%,0.7%,40.6%,0.3%,19.9%,0.1%,0.1%,0.2%,0.2%,0.2%,0.1%,0.1%,0.2%,0.1%,0.1%,0.0%,0.0%,0.0%,0.0%,0.0%
,,,,,,,,,,,,,,,,,,,,,,,,,,,,,,,,
Kings,10,223,2,25,3,28,"1,069","1,537",50,"2,836",263,55,189,52,"5,862",11,"3,921",6,10,28,32,25,28,4,15,6,9,0,0,0,0,0
  Percent,0.1%,1.4%,0.0%,0.2%,0.0%,0.2%,6.6%,9.4%,0.3%,17.4%,1.6%,0.3%,1.2%,0.3%,36.0%,0.1%,24.1%,0.0%,0.1%,0.2%,0.2%,0.2%,0.2%,0.0%,0.1%,0.0%,0.1%,0.0%,0.0%,0.0%,0.0%,0.0%
,,,,,,,,,,,,,,,,,,,,,,,,,,,,,,,,
Lake,11,474,42,13,10,84,714,"4,840",53,877,151,23,66,121,"3,737",116,"1,659",20,84,39,22,40,6,12,25,8,21,0,0,0,0,0
  Percent,0.1%,3.6%,0.3%,0.1%,0.1%,0.6%,5.4%,36.5%,0.4%,6.6%,1.1%,0.2%,0.5%,0.9%,28.2%,0.9%,12.5%,0.2%,0.6%,0.3%,0.2%,0.3%,0.0%,0.1%,0.2%,0.1%,0.2%,0.0%,0.0%,0.0%,0.0%,0.0%
,,,,,,,,,,,,,,,,,,,,,,,,,,,,,,,,
Lassen,6,139,11,5,1,36,411,818,33,128,68,12,44,60,"2,601",51,"1,673",9,13,13,8,19,3,7,59,1,8,0,0,0,0,0
  Percent,0.1%,2.2%,0.2%,0.1%,0.0%,0.6%,6.6%,13.1%,0.5%,2.1%,1.1%,0.2%,0.7%,1.0%,41.7%,0.8%,26.8%,0.1%,0.2%,0.2%,0.1%,0.3%,0.0%,0.1%,0.9%,0.0%,0.1%,0.0%,0.0%,0.0%,0.0%,0.0%
,,,,,,,,,,,,,,,,,,,,,,,,,,,,,,,,
Los Angeles,"2,453","37,440","2,744","1,742","1,432","2,258","188,562","469,266","5,211","313,266","13,063","2,082","3,414","7,425","278,879","7,328","82,639","1,653","2,508","1,851","2,061","4,077",835,808,776,791,"1,022",0,5,6,3,0
  Percent,0.2%,2.6%,0.2%,0.1%,0.1%,0.2%,13.1%,32.7%,0.4%,21.8%,0.9%,0.1%,0.2%,0.5%,19.4%,0.5%,5.8%,0.1%,0.2%,0.1%,0.1%,0.3%,0.1%,0.1%,0.1%,0.1%,0.1%,0.0%,0.0%,0.0%,0.0%,0.0%
,,,,,,,,,,,,,,,,,,,,,,,,,,,,,,,,
Madera,20,413,30,13,9,21,"1,234","3,032",92,"3,738",501,49,178,101,"9,541",33,"4,491",10,26,46,35,41,15,9,33,15,21,0,0,0,0,0
  Percent,0.1%,1.7%,0.1%,0.1%,0.0%,0.1%,5.2%,12.8%,0.4%,15.7%,2.1%,0.2%,0.7%,0.4%,40.2%,0.1%,18.9%,0.0%,0.1%,0.2%,0.1%,0.2%,0.1%,0.0%,0.1%,0.1%,0.1%,0.0%,0.0%,0.0%,0.0%,0.0%
,,,,,,,,,,,,,,,,,,,,,,,,,,,,,,,,
Marin,85,"2,754",55,43,16,66,"4,562","54,820",277,"7,030",694,33,73,184,"10,644",58,"3,269",97,170,108,199,129,30,12,50,11,23,0,0,0,0,0
  Percent,0.1%,3.2%,0.1%,0.1%,0.0%,0.1%,5.3%,64.1%,0.3%,8.2%,0.8%,0.0%,0.1%,0.2%,12.5%,0.1%,3.8%,0.1%,0.2%,0.1%,0.2%,0.2%,0.0%,0.0%,0.1%,0.0%,0.0%,0.0%,0.0%,0.0%,0.0%,0.0%
,,,,,,,,,,,,,,,,,,,,,,,,,,,,,,,,
Mariposa,7,153,3,6,5,6,381,"1,162",35,510,110,15,56,36,"2,070",8,"1,431",3,11,11,14,19,5,3,8,4,5,0,0,0,0,0
  Percent,0.1%,2.5%,0.0%,0.1%,0.1%,0.1%,6.3%,19.1%,0.6%,8.4%,1.8%,0.2%,0.9%,0.6%,34.1%,0.1%,23.5%,0.0%,0.2%,0.2%,0.2%,0.3%,0.1%,0.0%,0.1%,0.1%,0.1%,0.0%,0.0%,0.0%,0.0%,0.0%
,,,,,,,,,,,,,,,,,,,,,,,,,,,,,,,,
Mendocino,33,"1,756",35,22,16,105,"1,442","9,830",125,"1,802",365,38,96,92,"3,969",164,"1,845",61,137,67,62,152,17,5,44,4,18,0,0,0,1,0
  Percent,0.1%,7.9%,0.2%,0.1%,0.1%,0.5%,6.5%,44.1%,0.6%,8.1%,1.6%,0.2%,0.4%,0.4%,17.8%,0.7%,8.3%,0.3%,0.6%,0.3%,0.3%,0.7%,0.1%,0.0%,0.2%,0.0%,0.1%,0.0%,0.0%,0.0%,0.0%,0.0%
,,,,,,,,,,,,,,,,,,,,,,,,,,,,,,,,
Merced,26,"1,127",85,40,49,72,"2,325","5,825",80,"5,727",613,41,111,515,"9,517",119,"5,112",18,99,63,53,157,65,70,19,39,55,0,0,0,0,0
  Percent,0.1%,3.5%,0.3%,0.1%,0.2%,0.2%,7.3%,18.2%,0.2%,17.9%,1.9%,0.1%,0.3%,1.6%,29.7%,0.4%,16.0%,0.1%,0.3%,0.2%,0.2%,0.5%,0.2%,0.2%,0.1%,0.1%,0.2%,0.0%,0.0%,0.0%,0.0%,0.0%
,,,,,,,,,,,,,,,,,,,,,,,,,,,,,,,,
Modoc,2,102,11,3,0,10,86,326,18,83,69,6,21,33,"1,422",40,514,6,19,10,2,11,5,1,48,1,1,0,0,0,0,0
  Percent,0.1%,3.6%,0.4%,0.1%,0.0%,0.4%,3.0%,11.4%,0.6%,2.9%,2.4%,0.2%,0.7%,1.2%,49.9%,1.4%,18.0%,0.2%,0.7%,0.4%,0.1%,0.4%,0.2%,0.0%,1.7%,0.0%,0.0%,0.0%,0.0%,0.0%,0.0%,0.0%
,,,,,,,,,,,,,,,,,,,,,,,,,,,,,,,,
Mono,8,122,3,3,4,7,165,"1,047",42,404,81,15,56,19,865,2,399,9,11,12,16,13,1,0,2,2,6,0,0,0,0,0
  Percent,0.2%,3.7%,0.1%,0.1%,0.1%,0.2%,5.0%,31.6%,1.3%,12.2%,2.4%,0.5%,1.7%,0.6%,26.1%,0.1%,12.0%,0.3%,0.3%,0.4%,0.5%,0.4%,0.0%,0.0%,0.1%,0.1%,0.2%,0.0%,0.0%,0.0%,0.0%,0.0%
,,,,,,,,,,,,,,,,,,,,,,,,,,,,,,,,
Monterey,80,"2,005",70,160,17,310,"4,282","24,591",294,"11,192","1,052",189,264,255,"12,899",524,"6,172",90,146,111,145,428,47,119,48,18,30,0,0,0,1,0
  Percent,0.1%,3.1%,0.1%,0.2%,0.0%,0.5%,6.5%,37.5%,0.4%,17.1%,1.6%,0.3%,0.4%,0.4%,19.7%,0.8%,9.4%,0.1%,0.2%,0.2%,0.2%,0.7%,0.1%,0.2%,0.1%,0.0%,0.0%,0.0%,0.0%,0.0%,0.0%,0.0%
,,,,,,,,,,,,,,,,,,,,,,,,,,,,,,,,
Napa,26,"1,307",39,90,10,57,"2,039","16,869",166,"3,681",522,71,183,178,"7,083",308,"3,561",27,95,94,127,91,23,20,36,8,21,0,6,0,0,0
  Percent,0.1%,3.6%,0.1%,0.2%,0.0%,0.2%,5.6%,45.9%,0.5%,10.0%,1.4%,0.2%,0.5%,0.5%,19.3%,0.8%,9.7%,0.1%,0.3%,0.3%,0.3%,0.2%,0.1%,0.1%,0.1%,0.0%,0.1%,0.0%,0.0%,0.0%,0.0%,0.0%
,,,,,,,,,,,,,,,,,,,,,,,,,,,,,,,,
Nevada,31,"1,601",22,18,12,138,"2,647","12,957",207,"2,252",585,40,120,95,"9,787",130,"6,598",38,328,103,121,115,12,3,21,7,25,0,0,0,1,0
  Percent,0.1%,4.2%,0.1%,0.0%,0.0%,0.4%,7.0%,34.1%,0.5%,5.9%,1.5%,0.1%,0.3%,0.2%,25.7%,0.3%,17.4%,0.1%,0.9%,0.3%,0.3%,0.3%,0.0%,0.0%,0.1%,0.0%,0.1%,0.0%,0.0%,0.0%,0.0%,0.0%
,,,,,,,,,,,,,,,,,,,,,,,,,,,,,,,,
Orange,454,"13,855",745,"1,018",419,"1,332","55,952","151,027","3,121","70,756","9,184",670,"1,624","4,252","225,538","2,483","71,558",522,"1,040",863,"1,320","1,057",375,469,444,262,472,0,0,0,9,0
  Percent,0.1%,2.2%,0.1%,0.2%,0.1%,0.2%,9.0%,24.3%,0.5%,11.4%,1.5%,0.1%,0.3%,0.7%,36.3%,0.4%,11.5%,0.1%,0.2%,0.1%,0.2%,0.2%,0.1%,0.1%,0.1%,0.0%,0.1%,0.0%,0.0%,0.0%,0.0%,0.0%
,,,,,,,,,,,,,,,,,,,,,,,,,,,,,,,,
Placer,86,"2,654",70,51,18,188,"9,602","27,547",352,"6,287","1,135",220,549,314,"43,278",166,"14,163",83,132,155,214,119,52,35,87,45,65,0,0,0,0,0
  Percent,0.1%,2.5%,0.1%,0.0%,0.0%,0.2%,8.9%,25.6%,0.3%,5.8%,1.1%,0.2%,0.5%,0.3%,40.2%,0.2%,13.2%,0.1%,0.1%,0.1%,0.2%,0.1%,0.0%,0.0%,0.1%,0.0%,0.1%,0.0%,0.0%,0.0%,0.0%,0.0%
,,,,,,,,,,,,,,,,,,,,,,,,,,,,,,,,
Plumas,7,225,6,1,2,20,380,"1,706",34,262,96,10,42,46,"2,547",29,"1,021",12,29,20,18,15,4,0,12,1,2,0,0,0,0,0
  Percent,0.1%,3.4%,0.1%,0.0%,0.0%,0.3%,5.8%,26.1%,0.5%,4.0%,1.5%,0.2%,0.6%,0.7%,38.9%,0.4%,15.6%,0.2%,0.4%,0.3%,0.3%,0.2%,0.1%,0.0%,0.2%,0.0%,0.0%,0.0%,0.0%,0.0%,0.0%,0.0%
,,,,,,,,,,,,,,,,,,,,,,,,,,,,,,,,
Riverside,386,"6,170",292,539,115,876,"25,321","75,033","1,555","46,362","4,320",895,"1,482","2,197","115,765",805,"51,689",313,419,464,694,553,175,194,160,138,195,0,1,1,0,0
  Percent,0.1%,1.8%,0.1%,0.2%,0.0%,0.3%,7.5%,22.3%,0.5%,13.8%,1.3%,0.3%,0.4%,0.7%,34.3%,0.2%,15.3%,0.1%,0.1%,0.1%,0.2%,0.2%,0.1%,0.1%,0.0%,0.0%,0.1%,0.0%,0.0%,0.0%,0.0%,0.0%
,,,,,,,,,,,,,,,,,,,,,,,,,,,,,,,,
Sacramento,714,"11,706",260,396,225,657,"44,546","91,050","1,527","32,896","3,949",626,823,"1,150","80,379",333,"31,397",346,602,771,678,924,194,126,216,222,184,0,2,1,0,0
  Percent,0.2%,3.8%,0.1%,0.1%,0.1%,0.2%,14.5%,29.7%,0.5%,10.7%,1.3%,0.2%,0.3%,0.4%,26.2%,0.1%,10.2%,0.1%,0.2%,0.3%,0.2%,0.3%,0.1%,0.0%,0.1%,0.1%,0.1%,0.0%,0.0%,0.0%,0.0%,0.0%
,,,,,,,,,,,,,,,,,,,,,,,,,,,,,,,,
San Benito,13,325,14,22,4,51,593,"4,131",42,"1,639",196,31,70,58,"2,871",74,"1,965",19,15,22,23,63,7,10,12,6,14,0,0,0,0,0
  Percent,0.1%,2.6%,0.1%,0.2%,0.0%,0.4%,4.8%,33.6%,0.3%,13.3%,1.6%,0.3%,0.6%,0.5%,23.4%,0.6%,16.0%,0.2%,0.1%,0.2%,0.2%,0.5%,0.1%,0.1%,0.1%,0.0%,0.1%,0.0%,0.0%,0.0%,0.0%,0.0%
,,,,,,,,,,,,,,,,,,,,,,,,,,,,,,,,
San Bernardino,349,"5,144",521,279,143,558,"24,956","53,287","1,206","41,485","3,244",560,"1,328","2,377","91,749","1,021","39,822",236,496,356,536,646,231,183,136,123,228,0,0,1,1,0
  Percent,0.1%,1.9%,0.2%,0.1%,0.1%,0.2%,9.2%,19.6%,0.4%,15.3%,1.2%,0.2%,0.5%,0.9%,33.8%,0.4%,14.7%,0.1%,0.2%,0.1%,0.2%,0.2%,0.1%,0.1%,0.1%,0.0%,0.1%,0.0%,0.0%,0.0%,0.0%,0.0%
,,,,,,,,,,,,,,,,,,,,,,,,,,,,,,,,
San Diego,907,"18,493","2,042",754,"1,126","2,206","64,982","202,293","3,480","69,345","11,834","1,011","2,331","6,229","216,101","2,371","49,748",581,"1,292","1,122","1,626","1,420",401,325,407,227,762,1,4,0,5,0
  Percent,0.1%,2.8%,0.3%,0.1%,0.2%,0.3%,9.8%,30.5%,0.5%,10.5%,1.8%,0.2%,0.4%,0.9%,32.6%,0.4%,7.5%,0.1%,0.2%,0.2%,0.2%,0.2%,0.1%,0.0%,0.1%,0.0%,0.1%,0.0%,0.0%,0.0%,0.0%,0.0%
,,,,,,,,,,,,,,,,,,,,,,,,,,,,,,,,
San Francisco,206,"28,240",336,543,188,267,"21,711","140,264",632,"22,211","3,135",140,172,701,"15,977",550,"5,327",300,824,266,552,821,87,153,56,38,194,0,25,1,0,0
  Percent,0.1%,11.6%,0.1%,0.2%,0.1%,0.1%,8.9%,57.5%,0.3%,9.1%,1.3%,0.1%,0.1%,0.3%,6.6%,0.2%,2.2%,0.1%,0.3%,0.1%,0.2%,0.3%,0.0%,0.1%,0.0%,0.0%,0.1%,0.0%,0.0%,0.0%,0.0%,0.0%
,,,,,,,,,,,,,,,,,,,,,,,,,,,,,,,,
San Joaquin,177,"2,600",201,250,82,258,"9,907","28,048",949,"11,816","1,481",115,316,604,"33,488",214,"14,529",115,139,190,216,254,236,78,111,86,76,0,1,0,0,0
  Percent,0.2%,2.4%,0.2%,0.2%,0.1%,0.2%,9.3%,26.3%,0.9%,11.1%,1.4%,0.1%,0.3%,0.6%,31.4%,0.2%,13.6%,0.1%,0.1%,0.2%,0.2%,0.2%,0.2%,0.1%,0.1%,0.1%,0.1%,0.0%,0.0%,0.0%,0.0%,0.0%
,,,,,,,,,,,,,,,,,,,,,,,,,,,,,,,,
San Luis Obispo,178,"2,965",103,77,21,110,"6,290","28,409",641,"5,787","1,210",81,255,442,"25,223",210,"12,543",95,173,177,253,192,48,24,66,42,67,0,0,2,0,0
  Percent,0.2%,3.5%,0.1%,0.1%,0.0%,0.1%,7.3%,33.2%,0.7%,6.8%,1.4%,0.1%,0.3%,0.5%,29.4%,0.2%,14.6%,0.1%,0.2%,0.2%,0.3%,0.2%,0.1%,0.0%,0.1%,0.0%,0.1%,0.0%,0.0%,0.0%,0.0%,0.0%
,,,,,,,,,,,,,,,,,,,,,,,,,,,,,,,,
San Mateo,102,"5,875",465,87,175,334,"11,894","92,529",544,"17,416","2,223",155,368,"1,165","23,390",684,"8,545",147,374,256,392,467,101,149,66,71,202,0,1,0,1,0
  Percent,0.1%,3.5%,0.3%,0.1%,0.1%,0.2%,7.1%,55.0%,0.3%,10.4%,1.3%,0.1%,0.2%,0.7%,13.9%,0.4%,5.1%,0.1%,0.2%,0.2%,0.2%,0.3%,0.1%,0.1%,0.0%,0.0%,0.1%,0.0%,0.0%,0.0%,0.0%,0.0%
,,,,,,,,,,,,,,,,,,,,,,,,,,,,,,,,
Santa Barbara,325,"3,171",152,111,57,196,"6,139","30,748",753,"11,207","1,519",103,286,541,"23,803",149,"10,419",105,167,189,210,174,79,43,108,38,68,0,1,0,1,0
  Percent,0.4%,3.5%,0.2%,0.1%,0.1%,0.2%,6.8%,33.8%,0.8%,12.3%,1.7%,0.1%,0.3%,0.6%,26.2%,0.2%,11.5%,0.1%,0.2%,0.2%,0.2%,0.2%,0.1%,0.0%,0.1%,0.0%,0.1%,0.0%,0.0%,0.0%,0.0%,0.0%
,,,,,,,,,,,,,,,,,,,,,,,,,,,,,,,,
Santa Clara,528,"11,584","1,060",329,84,"2,296","27,594","172,592","1,525","38,845","4,863",852,"1,371","4,567","49,586","2,711","29,577",217,"1,324",898,"1,013","1,281",242,120,215,624,320,0,0,4,1,0
  Percent,0.1%,3.3%,0.3%,0.1%,0.0%,0.6%,7.7%,48.5%,0.4%,10.9%,1.4%,0.2%,0.4%,1.3%,13.9%,0.8%,8.3%,0.1%,0.4%,0.3%,0.3%,0.4%,0.1%,0.0%,0.1%,0.2%,0.1%,0.0%,0.0%,0.0%,0.0%,0.0%
,,,,,,,,,,,,,,,,,,,,,,,,,,,,,,,,
Santa Cruz,83,"4,133",93,52,37,512,"3,177","37,187",491,"8,185","1,338",127,180,336,"8,390",377,"4,968",82,269,153,210,429,56,28,66,28,28,0,0,0,0,0
  Percent,0.1%,5.8%,0.1%,0.1%,0.1%,0.7%,4.5%,52.4%,0.7%,11.5%,1.9%,0.2%,0.3%,0.5%,11.8%,0.5%,7.0%,0.1%,0.4%,0.2%,0.3%,0.6%,0.1%,0.0%,0.1%,0.0%,0.0%,0.0%,0.0%,0.0%,0.0%,0.0%
,,,,,,,,,,,,,,,,,,,,,,,,,,,,,,,,
Shasta,52,"1,348",68,46,17,198,"2,063","7,822",310,"1,817",860,104,295,361,"20,435",396,"9,170",58,168,102,120,141,32,31,85,12,45,0,0,0,0,0
  Percent,0.1%,2.9%,0.1%,0.1%,0.0%,0.4%,4.5%,16.9%,0.7%,3.9%,1.9%,0.2%,0.6%,0.8%,44.3%,0.9%,19.9%,0.1%,0.4%,0.2%,0.3%,0.3%,0.1%,0.1%,0.2%,0.0%,0.1%,0.0%,0.0%,0.0%,0.0%,0.0%
,,,,,,,,,,,,,,,,,,,,,,,,,,,,,,,,
Sierra,3,39,3,2,1,6,104,336,9,55,28,1,19,11,515,21,258,6,8,18,8,7,2,0,2,1,5,0,0,0,0,0
  Percent,0.2%,2.7%,0.2%,0.1%,0.1%,0.4%,7.1%,22.9%,0.6%,3.7%,1.9%,0.1%,1.3%,0.7%,35.1%,1.4%,17.6%,0.4%,0.5%,1.2%,0.5%,0.5%,0.1%,0.0%,0.1%,0.1%,0.3%,0.0%,0.0%,0.0%,0.0%,0.0%
,,,,,,,,,,,,,,,,,,,,,,,,,,,,,,,,
Siskiyou,10,530,13,17,3,88,577,"2,688",118,397,285,32,99,104,"3,968",129,"2,134",26,90,36,52,50,14,10,34,2,10,0,0,0,0,0
  Percent,0.1%,4.6%,0.1%,0.1%,0.0%,0.8%,5.0%,23.3%,1.0%,3.4%,2.5%,0.3%,0.9%,0.9%,34.5%,1.1%,18.5%,0.2%,0.8%,0.3%,0.5%,0.4%,0.1%,0.1%,0.3%,0.0%,0.1%,0.0%,0.0%,0.0%,0.0%,0.0%
,,,,,,,,,,,,,,,,,,,,,,,,,,,,,,,,
Solano,111,"2,469",87,125,39,115,"5,715","34,396",550,"7,357","1,015",73,254,458,"19,296",225,"9,334",100,177,125,159,201,69,46,78,15,52,0,0,0,1,0
  Percent,0.1%,3.0%,0.1%,0.2%,0.0%,0.1%,6.9%,41.6%,0.7%,8.9%,1.2%,0.1%,0.3%,0.6%,23.3%,0.3%,11.3%,0.1%,0.2%,0.2%,0.2%,0.2%,0.1%,0.1%,0.1%,0.0%,0.1%,0.0%,0.0%,0.0%,0.0%,0.0%
,,,,,,,,,,,,,,,,,,,,,,,,,,,,,,,,
Sonoma,237,"5,205",219,86,44,469,"6,482","71,593",742,"11,638","1,676",165,346,711,"21,526",707,"7,188",220,408,322,269,476,113,34,154,35,107,0,0,2,0,0
  Percent,0.2%,4.0%,0.2%,0.1%,0.0%,0.4%,4.9%,54.6%,0.6%,8.9%,1.3%,0.1%,0.3%,0.5%,16.4%,0.5%,5.5%,0.2%,0.3%,0.2%,0.2%,0.4%,0.1%,0.0%,0.1%,0.0%,0.1%,0.0%,0.0%,0.0%,0.0%,0.0%
,,,,,,,,,,,,,,,,,,,,,,,,,,,,,,,,
Stanislaus,70,"2,593",158,177,59,233,"6,467","20,523",574,"10,890","1,369",86,295,920,"27,895",222,"14,415",99,201,226,126,261,128,132,61,50,82,0,2,0,0,1
  Percent,0.1%,2.9%,0.2%,0.2%,0.1%,0.3%,7.3%,23.2%,0.6%,12.3%,1.6%,0.1%,0.3%,1.0%,31.6%,0.3%,16.3%,0.1%,0.2%,0.3%,0.1%,0.3%,0.1%,0.1%,0.1%,0.1%,0.1%,0.0%,0.0%,0.0%,0.0%,0.0%
,,,,,,,,,,,,,,,,,,,,,,,,,,,,,,,,
Sutter,33,303,24,67,12,81,"1,679","3,348",104,"1,692",229,137,110,120,"8,165",214,"3,544",28,33,35,27,126,31,13,37,198,26,0,0,0,1,0
  Percent,0.2%,1.5%,0.1%,0.3%,0.1%,0.4%,8.2%,16.4%,0.5%,8.3%,1.1%,0.7%,0.5%,0.6%,40.0%,1.0%,17.4%,0.1%,0.2%,0.2%,0.1%,0.6%,0.2%,0.1%,0.2%,1.0%,0.1%,0.0%,0.0%,0.0%,0.0%,0.0%
,,,,,,,,,,,,,,,,,,,,,,,,,,,,,,,,
Tehama,14,366,24,36,5,27,683,"1,908",101,650,213,60,123,104,"6,558",175,"3,114",15,32,30,24,85,14,15,37,3,16,1,0,0,0,0
  Percent,0.1%,2.5%,0.2%,0.2%,0.0%,0.2%,4.7%,13.2%,0.7%,4.5%,1.5%,0.4%,0.9%,0.7%,45.4%,1.2%,21.6%,0.1%,0.2%,0.2%,0.2%,0.6%,0.1%,0.1%,0.3%,0.0%,0.1%,0.0%,0.0%,0.0%,0.0%,0.0%
,,,,,,,,,,,,,,,,,,,,,,,,,,,,,,,,
Trinity,5,217,7,16,2,45,223,967,43,194,102,7,37,27,"1,283",41,733,20,38,14,28,22,4,4,6,4,3,0,0,0,0,0
  Percent,0.1%,5.3%,0.2%,0.4%,0.0%,1.1%,5.4%,23.6%,1.1%,4.7%,2.5%,0.2%,0.9%,0.7%,31.4%,1.0%,17.9%,0.5%,0.9%,0.3%,0.7%,0.5%,0.1%,0.1%,0.1%,0.1%,0.1%,0.0%,0.0%,0.0%,0.0%,0.0%
,,,,,,,,,,,,,,,,,,,,,,,,,,,,,,,,
Tulare,57,708,43,31,7,163,"2,941","7,786",92,"9,191","1,043",81,192,"1,069","20,484",175,"11,466",12,127,71,67,179,42,21,62,22,17,0,0,0,2,0
  Percent,0.1%,1.3%,0.1%,0.1%,0.0%,0.3%,5.2%,13.9%,0.2%,16.4%,1.9%,0.1%,0.3%,1.9%,36.5%,0.3%,20.4%,0.0%,0.2%,0.1%,0.1%,0.3%,0.1%,0.0%,0.1%,0.0%,0.0%,0.0%,0.0%,0.0%,0.0%,0.0%
,,,,,,,,,,,,,,,,,,,,,,,,,,,,,,,,
Tuolumne,13,474,18,25,0,22,876,"4,208",82,915,219,20,160,75,"5,955",59,"2,535",19,40,40,39,32,17,7,16,4,10,0,0,0,0,0
  Percent,0.1%,3.0%,0.1%,0.2%,0.0%,0.1%,5.5%,26.5%,0.5%,5.8%,1.4%,0.1%,1.0%,0.5%,37.5%,0.4%,16.0%,0.1%,0.3%,0.3%,0.2%,0.2%,0.1%,0.0%,0.1%,0.0%,0.1%,0.0%,0.0%,0.0%,0.0%,0.0%
,,,,,,,,,,,,,,,,,,,,,,,,,,,,,,,,
Ventura,166,"4,228",187,376,76,210,"18,202","44,314",689,"22,350","2,339",100,414,"1,016","54,140",450,"15,120",131,307,281,355,273,119,70,135,56,116,0,0,0,1,0
  Percent,0.1%,2.5%,0.1%,0.2%,0.0%,0.1%,11.0%,26.7%,0.4%,13.4%,1.4%,0.1%,0.2%,0.6%,32.6%,0.3%,9.1%,0.1%,0.2%,0.2%,0.2%,0.2%,0.1%,0.0%,0.1%,0.0%,0.1%,0.0%,0.0%,0.0%,0.0%,0.0%
,,,,,,,,,,,,,,,,,,,,,,,,,,,,,,,,
Yolo,102,"3,507",25,31,12,84,"6,773","14,663",280,"6,374",597,199,146,112,"9,245",295,"3,267",49,173,101,104,136,35,6,31,22,19,0,0,0,0,0
  Percent,0.2%,7.6%,0.1%,0.1%,0.0%,0.2%,14.6%,31.6%,0.6%,13.7%,1.3%,0.4%,0.3%,0.2%,19.9%,0.6%,7.0%,0.1%,0.4%,0.2%,0.2%,0.3%,0.1%,0.0%,0.1%,0.0%,0.0%,0.0%,0.0%,0.0%,0.0%,0.0%
,,,,,,,,,,,,,,,,,,,,,,,,,,,,,,,,
Yuba,13,230,9,15,9,22,785,"1,949",64,913,130,32,69,71,"4,725",142,"2,522",18,19,40,26,86,12,8,18,8,6,0,0,0,0,0
  Percent,0.1%,1.9%,0.1%,0.1%,0.1%,0.2%,6.6%,16.3%,0.5%,7.6%,1.1%,0.3%,0.6%,0.6%,39.6%,1.2%,21.1%,0.2%,0.2%,0.3%,0.2%,0.7%,0.1%,0.1%,0.2%,0.1%,0.1%,0.0%,0.0%,0.0%,0.0%,0.0%
,,,,,,,,,,,,,,,,,,,,,,,,,,,,,,,,
State Totals,"9,380","234,869","12,026","8,937","5,368","17,586","655,920","2,343,792","31,692","926,394","93,446","11,103","21,840","44,674","1,766,488","27,336","658,798","7,302","16,131","11,566","14,462","19,075","4,633","3,973","4,973","4,020","5,346",8,62,21,32,1
  Percent,0.1%,3.4%,0.2%,0.1%,0.1%,0.3%,9.4%,33.7%,0.5%,13.3%,1.3%,0.2%,0.3%,0.6%,25.4%,0.4%,9.5%,0.1%,0.2%,0.2%,0.2%,0.3%,0.1%,0.1%,0.1%,0.1%,0.1%,0.0%,0.0%,0.0%,0.0%,0.0%
,,,,,,,,,,,,,,,,,,,,,,,,,,,,,,,,
,,,,,,,,,,,,,,,,,,,,,,,,,,,,,,,,