,"Joe 
Biden","Dennis 
Kucinich","Barack 
Obama","Bill 
Richardson","Hillary 
Clinton","Chris 
Dodd","John 
Edwards","Mike 
Gravel","Willie Felix 
Carter","Julius E. 
Mogyorossy","Keith Russell 
Judd","Phil 
Epstein","Joseph 
McAndrew","Eric 
Hinzman","Brian F. 
Calef","David Robt. 
Frey","Mike 
Huckabee","Duncan 
Hunter","Alan 
Keyes","Sam 
Brownback","John H. 
Cox","Rudy 
Giuliani","John 
McCain","Ron 
Paul","Mitt 
Romney","Tom 
Tancredo","Fred 
Thompson","Walter James 
Rothnie, Jr.","Brian F. 
Calef","David Robt. 
Frey","Michael P. 
Shaw","Joel Gary 
Neuberg","Edward 
Marshall","John 
Sutherland","Robert 
Brickell","Karen 
Irish","Mad Max 
Riekse","Diane Beall 
Templin","Don J. 
Grundmann","David Andrew 
Larson","Kent 
Mesplay","Jared 
Ball","Jesse 
Johnson","Kat 
Swift","Ralph 
Nader","Elaine 
Brown","Cynthia 
McKinney","Michael P. 
Jingozian","Bob 
Jackson","Steve 
Kubby","Alden 
Link","John 
Finan","Barry 
Hess","Dave 
Hollist","Daniel 
Imperato","Robert 
Milnes","George 
Phillies","Wayne A. 
Root","Christine 
Smith","Leon L. 
Ray","Stewart A. 
Alexander","Gloria E. 
La Riva","John 
Crockford","Stanley 
Hetz","Brian 
Moore","Ralph 
Nader","Cynthia 
McKinney"
,DEM,DEM,DEM,DEM,DEM,DEM,DEM,DEM,DEM (W/I),DEM (W/I),DEM (W/I),DEM (W/I),DEM (W/I),DEM (W/I),DEM (W/I),DEM (W/I),REP,REP,REP,REP,REP,REP,REP,REP,REP,REP,REP,REP (W/I),REP (W/I),REP (W/I),REP (W/I),REP (W/I),REP (W/I),REP (W/I),REP (W/I),REP (W/I),AI,AI,AI,AI (W/I),GRN,GRN,GRN,GRN,GRN,GRN,GRN,LIB,LIB,LIB,LIB,LIB,LIB,LIB,LIB,LIB,LIB,LIB,LIB,LIB (W/I),PF,PF,PF,PF,PF,PF,PF
Alameda,678,"1,671","162,726",717,"136,010",235,"9,244",354,0,0,0,0,0,0,1,0,"6,746",135,233,81,87,"3,347","33,440","3,351","19,067",90,"1,411",0,0,0,0,0,0,0,0,0,413,476,459,0,61,52,41,92,"1,847",205,"1,620",47,54,103,18,21,25,32,24,20,52,91,173,0,21,59,16,2,27,144,146
  Percent,0.2%,0.5%,52.3%,0.2%,43.7%,0.0%,3.0%,0.1%,0.0%,0.0%,0.0%,0.0%,0.0%,0.0%,0.0%,0.0%,10.0%,0.1%,0.3%,0.1%,0.1%,5.0%,49.2%,5.0%,28.1%,0.1%,2.0%,0.0%,0.0%,0.0%,0.0%,0.0%,0.0%,0.0%,0.0%,0.0%,30.6%,35.4%,34.0%,0.0%,1.5%,1.3%,1.0%,2.3%,47.2%,5.3%,41.4%,7.2%,8.2%,15.7%,2.7%,3.1%,3.7%,4.8%,3.6%,3.0%,7.9%,13.8%,26.3%,0.0%,5.0%,14.3%,3.8%,0.4%,6.6%,34.7%,35.2%
,,,,,,,,,,,,,,,,,,,,,,,,,,,,,,,,,,,,,,,,,,,,,,,,,,,,,,,,,,,,,,,,,,,
Alpine,1,8,127,1,87,1,10,0,0,0,0,0,0,0,0,0,15,4,1,1,0,8,80,20,47,1,6,0,0,0,0,0,0,0,0,0,0,0,0,0,0,0,0,0,2,1,0,0,0,0,0,0,0,0,0,0,0,0,0,0,0,0,0,0,0,0,0
  Percent,0.4%,3.4%,54.1%,0.4%,37.1%,0.4%,4.2%,0.0%,0.0%,0.0%,0.0%,0.0%,0.0%,0.0%,0.0%,0.0%,8.2%,2.1%,0.5%,0.5%,0.0%,4.4%,43.8%,11.0%,25.7%,0.5%,3.3%,0.0%,0.0%,0.0%,0.0%,0.0%,0.0%,0.0%,0.0%,0.0%,0.0%,0.0%,0.0%,0.0%,0.0%,0.0%,0.0%,0.0%,66.7%,33.3%,0.0%,0.0%,0.0%,0.0%,0.0%,0.0%,0.0%,0.0%,0.0%,0.0%,0.0%,0.0%,0.0%,0.0%,0.0%,0.0%,0.0%,0.0%,0.0%,0.0%,0.0%
,,,,,,,,,,,,,,,,,,,,,,,,,,,,,,,,,,,,,,,,,,,,,,,,,,,,,,,,,,,,,,,,,,,
Amador,46,65,"2,317",47,"3,089",16,537,27,0,0,0,0,0,0,0,0,820,18,22,2,2,290,"2,957",221,"2,365",5,153,0,0,0,0,0,0,0,0,0,34,32,43,0,1,0,1,3,30,1,7,1,10,7,0,4,5,0,1,1,3,3,9,0,1,1,0,0,0,4,0
  Percent,0.7%,1.1%,37.8%,0.7%,50.3%,0.2%,8.8%,0.4%,0.0%,0.0%,0.0%,0.0%,0.0%,0.0%,0.0%,0.0%,12.0%,0.2%,0.3%,0.0%,0.0%,4.3%,43.2%,3.2%,34.6%,0.0%,2.2%,0.0%,0.0%,0.0%,0.0%,0.0%,0.0%,0.0%,0.0%,0.0%,31.2%,29.3%,39.5%,0.0%,2.3%,0.0%,2.3%,7.0%,69.8%,2.3%,16.3%,2.2%,22.8%,16.0%,0.0%,9.1%,11.4%,0.0%,2.2%,2.2%,6.8%,6.8%,20.5%,0.0%,16.7%,16.6%,0.0%,0.0%,0.0%,66.7%,0.0%
,,,,,,,,,,,,,,,,,,,,,,,,,,,,,,,,,,,,,,,,,,,,,,,,,,,,,,,,,,,,,,,,,,,
Butte,175,237,"13,906",166,"13,397",70,"2,320",93,0,0,0,0,0,0,0,0,"3,963",92,156,19,24,"1,223","11,089","1,436","10,607",20,784,0,0,0,0,0,0,0,0,0,157,129,189,1,5,7,3,21,347,24,92,10,13,31,16,4,4,5,5,4,9,23,45,0,2,2,4,1,3,35,10
  Percent,0.5%,0.8%,45.8%,0.5%,44.2%,0.2%,7.7%,0.3%,0.0%,0.0%,0.0%,0.0%,0.0%,0.0%,0.0%,0.0%,13.5%,0.3%,0.5%,0.0%,0.0%,4.2%,37.8%,4.9%,36.1%,0.0%,2.7%,0.0%,0.0%,0.0%,0.0%,0.0%,0.0%,0.0%,0.0%,0.0%,32.9%,27.1%,39.8%,0.2%,1.0%,1.4%,0.6%,4.2%,69.6%,4.8%,18.4%,6.0%,7.7%,18.4%,9.5%,2.3%,2.3%,2.9%,2.9%,2.3%,5.3%,13.7%,26.7%,0.0%,3.5%,3.5%,7.0%,1.7%,5.2%,61.5%,17.6%
,,,,,,,,,,,,,,,,,,,,,,,,,,,,,,,,,,,,,,,,,,,,,,,,,,,,,,,,,,,,,,,,,,,
Calaveras,33,61,"2,716",57,"3,482",11,602,23,0,0,0,0,0,0,0,0,"1,068",22,31,7,12,338,"3,187",321,"2,601",7,189,0,0,0,0,0,0,0,0,0,42,36,39,0,4,2,1,2,77,1,11,1,6,12,4,5,12,2,3,1,3,11,24,0,3,1,0,0,1,8,4
  Percent,0.4%,0.9%,38.9%,0.8%,49.9%,0.1%,8.7%,0.3%,0.0%,0.0%,0.0%,0.0%,0.0%,0.0%,0.0%,0.0%,13.8%,0.2%,0.3%,0.0%,0.1%,4.4%,41.0%,4.2%,33.5%,0.0%,2.5%,0.0%,0.0%,0.0%,0.0%,0.0%,0.0%,0.0%,0.0%,0.0%,35.9%,30.7%,33.4%,0.0%,4.1%,2.0%,1.0%,2.0%,78.6%,1.0%,11.3%,1.1%,7.2%,14.3%,4.8%,6.0%,14.3%,2.3%,3.6%,1.1%,3.6%,13.1%,28.6%,0.0%,17.7%,5.8%,0.0%,0.0%,5.8%,47.1%,23.6%
,,,,,,,,,,,,,,,,,,,,,,,,,,,,,,,,,,,,,,,,,,,,,,,,,,,,,,,,,,,,,,,,,,,
Colusa,10,8,620,27,"1,042",5,148,6,0,0,0,0,0,0,0,0,242,6,14,0,4,98,947,81,809,5,52,0,0,0,0,0,0,0,0,0,14,13,14,0,0,0,0,1,6,1,1,0,1,3,1,0,0,1,0,0,0,0,2,0,1,0,1,0,0,2,1
  Percent,0.5%,0.4%,33.3%,1.4%,55.9%,0.2%,8.0%,0.3%,0.0%,0.0%,0.0%,0.0%,0.0%,0.0%,0.0%,0.0%,10.8%,0.2%,0.6%,0.0%,0.1%,4.4%,42.0%,3.5%,35.9%,0.2%,2.3%,0.0%,0.0%,0.0%,0.0%,0.0%,0.0%,0.0%,0.0%,0.0%,34.2%,31.7%,34.1%,0.0%,0.0%,0.0%,0.0%,11.1%,66.7%,11.1%,11.1%,0.0%,12.5%,37.5%,12.5%,0.0%,0.0%,12.5%,0.0%,0.0%,0.0%,0.0%,25.0%,0.0%,20.0%,0.0%,20.0%,0.0%,0.0%,40.0%,20.0%
,,,,,,,,,,,,,,,,,,,,,,,,,,,,,,,,,,,,,,,,,,,,,,,,,,,,,,,,,,,,,,,,,,,
Contra Costa,601,870,"87,906",648,"96,046",211,"7,994",236,0,0,0,0,0,0,0,0,"8,368",168,307,61,67,"5,270","42,933","3,148","26,167",107,"2,014",0,0,0,0,0,0,0,0,0,372,391,437,0,41,23,16,38,694,58,365,20,35,98,19,20,22,25,11,19,28,87,156,0,9,22,6,1,3,73,33
  Percent,0.3%,0.4%,45.2%,0.3%,49.4%,0.1%,4.2%,0.1%,0.0%,0.0%,0.0%,0.0%,0.0%,0.0%,0.0%,0.0%,9.5%,0.1%,0.3%,0.0%,0.0%,6.0%,48.5%,3.6%,29.6%,0.1%,2.3%,0.0%,0.0%,0.0%,0.0%,0.0%,0.0%,0.0%,0.0%,0.0%,31.0%,32.5%,36.5%,0.0%,3.4%,1.8%,1.2%,3.1%,56.2%,4.7%,29.6%,3.7%,6.5%,18.2%,3.5%,3.7%,4.0%,4.6%,2.0%,3.5%,5.2%,16.2%,28.9%,0.0%,6.2%,15.0%,4.0%,0.6%,2.0%,49.7%,22.5%
,,,,,,,,,,,,,,,,,,,,,,,,,,,,,,,,,,,,,,,,,,,,,,,,,,,,,,,,,,,,,,,,,,,
Del Norte,9,27,"1,226",20,"1,469",10,271,23,0,0,0,0,0,0,0,0,607,13,14,2,1,82,"1,128",134,727,2,80,0,0,0,0,0,0,0,0,0,16,26,30,0,1,1,0,1,22,2,4,0,1,1,0,2,4,0,0,1,0,1,1,0,0,1,1,0,0,5,1
  Percent,0.2%,0.9%,40.2%,0.6%,48.1%,0.3%,8.9%,0.8%,0.0%,0.0%,0.0%,0.0%,0.0%,0.0%,0.0%,0.0%,21.8%,0.4%,0.5%,0.0%,0.0%,3.0%,40.5%,4.9%,26.1%,0.0%,2.8%,0.0%,0.0%,0.0%,0.0%,0.0%,0.0%,0.0%,0.0%,0.0%,22.2%,36.1%,41.7%,0.0%,3.2%,3.2%,0.0%,3.2%,71.0%,6.4%,13.0%,0.0%,9.1%,9.1%,0.0%,18.2%,36.4%,0.0%,0.0%,9.1%,0.0%,9.1%,9.0%,0.0%,0.0%,12.5%,12.5%,0.0%,0.0%,62.5%,12.5%
,,,,,,,,,,,,,,,,,,,,,,,,,,,,,,,,,,,,,,,,,,,,,,,,,,,,,,,,,,,,,,,,,,,
El Dorado,117,144,"11,175",158,"11,433",52,"1,831",45,0,0,0,0,0,1,0,0,"3,696",62,108,8,14,"1,347","12,483","1,210","11,744",19,514,0,0,0,0,0,0,0,0,0,101,97,112,1,10,4,7,11,158,17,60,7,12,33,5,7,4,9,13,3,8,19,34,0,3,2,1,0,6,19,2
  Percent,0.4%,0.5%,44.8%,0.7%,45.9%,0.2%,7.4%,0.1%,0.0%,0.0%,0.0%,0.0%,0.0%,0.0%,0.0%,0.0%,11.9%,0.1%,0.3%,0.0%,0.0%,4.4%,40.1%,3.9%,37.7%,0.0%,1.6%,0.0%,0.0%,0.0%,0.0%,0.0%,0.0%,0.0%,0.0%,0.0%,32.5%,31.1%,36.1%,0.3%,3.7%,1.4%,2.6%,4.2%,59.2%,6.4%,22.5%,4.5%,7.8%,21.5%,3.2%,4.5%,2.5%,5.9%,8.5%,1.9%,5.2%,12.4%,22.1%,0.0%,9.1%,6.1%,3.0%,0.0%,18.2%,57.6%,6.0%
,,,,,,,,,,,,,,,,,,,,,,,,,,,,,,,,,,,,,,,,,,,,,,,,,,,,,,,,,,,,,,,,,,,
Fresno,299,361,"28,470",557,"47,668",116,"4,405",194,0,0,0,0,0,0,0,0,"11,326",131,395,53,60,"4,034","28,433","2,165","29,365",35,"1,505",0,0,0,0,0,0,0,0,0,199,231,256,0,9,7,5,9,227,13,90,12,25,35,6,5,4,5,11,17,10,24,67,0,6,16,12,2,3,23,15
  Percent,0.3%,0.5%,34.7%,0.7%,58.1%,0.1%,5.4%,0.2%,0.0%,0.0%,0.0%,0.0%,0.0%,0.0%,0.0%,0.0%,14.7%,0.1%,0.5%,0.0%,0.0%,5.3%,36.7%,2.8%,37.9%,0.0%,2.0%,0.0%,0.0%,0.0%,0.0%,0.0%,0.0%,0.0%,0.0%,0.0%,29.0%,33.6%,37.4%,0.0%,2.5%,1.9%,1.3%,2.5%,63.1%,3.6%,25.1%,5.4%,11.4%,15.9%,2.7%,2.2%,1.8%,2.2%,4.9%,7.7%,4.5%,10.9%,30.4%,0.0%,7.8%,20.8%,15.6%,2.5%,3.9%,29.9%,19.5%
,,,,,,,,,,,,,,,,,,,,,,,,,,,,,,,,,,,,,,,,,,,,,,,,,,,,,,,,,,,,,,,,,,,
Glenn,18,16,931,32,"1,372",7,353,5,0,0,0,0,0,0,0,0,537,21,15,0,1,197,"1,522",122,"1,250",2,128,0,0,0,0,0,1,0,0,0,30,18,44,0,0,0,0,0,10,1,2,0,2,4,0,0,0,2,0,1,0,1,2,0,1,1,1,0,0,3,0
  Percent,0.7%,0.5%,34.1%,1.2%,50.2%,0.2%,13.0%,0.1%,0.0%,0.0%,0.0%,0.0%,0.0%,0.0%,0.0%,0.0%,14.2%,0.5%,0.3%,0.0%,0.0%,5.2%,40.1%,3.3%,33.0%,0.0%,3.4%,0.0%,0.0%,0.0%,0.0%,0.0%,0.0%,0.0%,0.0%,0.0%,32.6%,19.5%,47.9%,0.0%,0.0%,0.0%,0.0%,0.0%,77.0%,7.6%,15.4%,0.0%,16.7%,33.4%,0.0%,0.0%,0.0%,16.7%,0.0%,8.3%,0.0%,8.3%,16.6%,0.0%,16.7%,16.6%,16.6%,0.0%,0.0%,50.1%,0.0%
,,,,,,,,,,,,,,,,,,,,,,,,,,,,,,,,,,,,,,,,,,,,,,,,,,,,,,,,,,,,,,,,,,,
Humboldt,102,453,"13,295",129,"9,948",20,"1,688",87,0,0,0,0,0,0,0,0,"1,978",33,60,4,19,494,"5,466",756,"4,146",11,342,0,0,0,0,0,0,0,0,0,77,75,109,0,9,23,11,22,643,36,292,8,6,22,2,5,13,3,3,3,5,20,46,0,2,5,3,2,4,25,16
  Percent,0.3%,1.8%,51.7%,0.6%,38.7%,0.0%,6.6%,0.3%,0.0%,0.0%,0.0%,0.0%,0.0%,0.0%,0.0%,0.0%,14.9%,0.2%,0.4%,0.0%,0.1%,3.8%,41.1%,5.7%,31.2%,0.0%,2.6%,0.0%,0.0%,0.0%,0.0%,0.0%,0.0%,0.0%,0.0%,0.0%,29.5%,28.7%,41.8%,0.0%,0.8%,2.3%,1.0%,2.1%,62.1%,3.5%,28.2%,5.9%,4.4%,16.2%,1.4%,3.6%,9.6%,2.2%,2.2%,2.2%,3.6%,14.8%,33.9%,0.0%,3.5%,8.8%,5.2%,3.5%,7.0%,43.9%,28.1%
,,,,,,,,,,,,,,,,,,,,,,,,,,,,,,,,,,,,,,,,,,,,,,,,,,,,,,,,,,,,,,,,,,,
Imperial,60,60,"3,143",84,"8,681",33,427,33,0,0,0,0,0,0,0,0,"1,022",274,31,14,15,238,"2,933",126,"1,666",16,130,0,0,0,0,0,0,0,0,0,41,40,84,0,0,0,2,0,11,0,5,1,4,3,0,1,3,0,1,1,1,10,4,0,3,6,2,0,1,4,3
  Percent,0.4%,0.4%,25.2%,0.7%,69.4%,0.2%,3.5%,0.2%,0.0%,0.0%,0.0%,0.0%,0.0%,0.0%,0.0%,0.0%,15.9%,4.3%,0.4%,0.2%,0.2%,3.7%,45.4%,1.9%,25.8%,0.2%,2.0%,0.0%,0.0%,0.0%,0.0%,0.0%,0.0%,0.0%,0.0%,0.0%,24.8%,24.2%,51.0%,0.0%,0.0%,0.0%,11.1%,0.0%,61.2%,0.0%,27.7%,3.5%,13.8%,10.4%,0.0%,3.4%,10.4%,0.0%,3.4%,3.4%,3.4%,34.5%,13.8%,0.0%,15.8%,31.6%,10.5%,0.0%,5.2%,21.1%,15.8%
,,,,,,,,,,,,,,,,,,,,,,,,,,,,,,,,,,,,,,,,,,,,,,,,,,,,,,,,,,,,,,,,,,,
Inyo,11,33,"1,053",30,"1,076",3,239,15,0,0,0,0,0,0,0,0,533,6,21,2,1,103,"1,436",134,752,0,79,0,0,0,0,0,0,0,0,0,32,18,21,0,3,0,1,2,25,1,6,0,1,4,1,2,0,0,1,0,0,4,4,0,1,0,0,0,0,6,0
  Percent,0.4%,1.3%,42.9%,1.2%,43.8%,0.1%,9.7%,0.6%,0.0%,0.0%,0.0%,0.0%,0.0%,0.0%,0.0%,0.0%,17.4%,0.1%,0.6%,0.0%,0.0%,3.4%,46.9%,4.4%,24.6%,0.0%,2.6%,0.0%,0.0%,0.0%,0.0%,0.0%,0.0%,0.0%,0.0%,0.0%,45.1%,25.3%,29.6%,0.0%,7.9%,0.0%,2.6%,5.3%,65.8%,2.6%,15.8%,0.0%,5.8%,23.6%,5.8%,11.8%,0.0%,0.0%,5.8%,0.0%,0.0%,23.6%,23.6%,0.0%,14.2%,0.0%,0.0%,0.0%,0.0%,85.8%,0.0%
,,,,,,,,,,,,,,,,,,,,,,,,,,,,,,,,,,,,,,,,,,,,,,,,,,,,,,,,,,,,,,,,,,,
Kern,284,248,"20,351",632,"34,630",96,"4,349",149,0,0,0,0,0,0,0,0,"12,313",239,335,36,51,"2,807","27,818","2,363","26,768",80,"2,775",0,0,0,0,0,0,0,0,0,289,229,387,0,4,5,1,7,129,10,31,27,25,40,5,11,10,12,11,12,10,38,66,0,6,16,6,1,5,20,15
  Percent,0.4%,0.4%,33.6%,1.0%,57.1%,0.1%,7.2%,0.2%,0.0%,0.0%,0.0%,0.0%,0.0%,0.0%,0.0%,0.0%,16.3%,0.3%,0.4%,0.0%,0.0%,3.8%,36.9%,3.1%,35.5%,0.1%,3.6%,0.0%,0.0%,0.0%,0.0%,0.0%,0.0%,0.0%,0.0%,0.0%,31.9%,25.3%,42.8%,0.0%,2.1%,2.6%,0.5%,3.8%,69.0%,5.4%,16.6%,10.2%,9.4%,15.0%,1.8%,4.1%,3.7%,4.5%,4.1%,4.4%,3.7%,14.3%,24.8%,0.0%,8.7%,23.2%,8.7%,1.4%,7.2%,29.0%,21.8%
,,,,,,,,,,,,,,,,,,,,,,,,,,,,,,,,,,,,,,,,,,,,,,,,,,,,,,,,,,,,,,,,,,,
Kings,52,31,"2,818",76,"5,309",20,635,20,0,0,0,0,0,0,0,0,"1,319",29,56,10,8,565,"4,214",267,"3,453",6,266,0,0,0,0,0,0,0,0,0,37,38,34,0,0,0,0,0,12,1,3,0,3,5,0,2,2,1,0,2,3,7,7,0,0,0,1,0,0,0,0
  Percent,0.5%,0.3%,31.5%,0.9%,59.3%,0.2%,7.1%,0.2%,0.0%,0.0%,0.0%,0.0%,0.0%,0.0%,0.0%,0.0%,13.0%,0.2%,0.5%,0.0%,0.0%,5.6%,41.4%,2.7%,33.9%,0.0%,2.7%,0.0%,0.0%,0.0%,0.0%,0.0%,0.0%,0.0%,0.0%,0.0%,34.0%,34.9%,31.1%,0.0%,0.0%,0.0%,0.0%,0.0%,75.1%,6.2%,18.7%,0.0%,9.4%,15.7%,0.0%,6.2%,6.2%,3.1%,0.0%,6.2%,9.4%,21.9%,21.9%,0.0%,0.0%,0.0%,100.0%,0.0%,0.0%,0.0%,0.0%
,,,,,,,,,,,,,,,,,,,,,,,,,,,,,,,,,,,,,,,,,,,,,,,,,,,,,,,,,,,,,,,,,,,
Lake,42,125,"3,858",51,"5,588",11,672,14,0,0,0,0,0,0,0,0,938,15,18,5,6,240,"2,935",370,"1,548",6,159,0,0,0,0,0,0,0,0,0,77,81,81,0,1,3,2,3,77,6,27,2,2,2,3,0,10,2,2,2,2,7,11,0,1,1,0,1,1,10,9
  Percent,0.4%,1.2%,37.3%,0.4%,54.0%,0.1%,6.5%,0.1%,0.0%,0.0%,0.0%,0.0%,0.0%,0.0%,0.0%,0.0%,15.1%,0.2%,0.2%,0.0%,0.0%,3.9%,47.1%,6.0%,24.9%,0.0%,2.6%,0.0%,0.0%,0.0%,0.0%,0.0%,0.0%,0.0%,0.0%,0.0%,32.2%,33.9%,33.9%,0.0%,0.8%,2.5%,1.6%,2.5%,64.8%,5.1%,22.7%,4.5%,4.4%,4.4%,6.7%,0.0%,22.3%,4.4%,4.4%,4.4%,4.4%,15.6%,24.5%,0.0%,4.4%,4.3%,0.0%,4.3%,4.3%,43.5%,39.2%
,,,,,,,,,,,,,,,,,,,,,,,,,,,,,,,,,,,,,,,,,,,,,,,,,,,,,,,,,,,,,,,,,,,
Lassen,19,22,"1,134",36,"1,124",8,357,8,0,0,0,0,0,0,0,0,673,15,19,2,5,124,"1,349",160,"1,290",2,137,0,0,0,0,0,0,0,0,0,35,26,26,0,1,0,0,1,10,0,0,2,1,4,1,1,0,1,0,1,0,2,4,0,0,0,0,0,0,3,0
  Percent,0.7%,0.8%,41.9%,1.4%,41.6%,0.2%,13.2%,0.2%,0.0%,0.0%,0.0%,0.0%,0.0%,0.0%,0.0%,0.0%,17.9%,0.3%,0.5%,0.0%,0.1%,3.2%,35.8%,4.3%,34.2%,0.0%,3.7%,0.0%,0.0%,0.0%,0.0%,0.0%,0.0%,0.0%,0.0%,0.0%,40.3%,29.9%,29.8%,0.0%,8.3%,0.0%,0.0%,8.3%,83.4%,0.0%,0.0%,11.8%,5.9%,23.6%,5.9%,5.8%,0.0%,5.8%,0.0%,5.8%,0.0%,11.8%,23.6%,0.0%,0.0%,0.0%,0.0%,0.0%,0.0%,100.0%,0.0%
,,,,,,,,,,,,,,,,,,,,,,,,,,,,,,,,,,,,,,,,,,,,,,,,,,,,,,,,,,,,,,,,,,,
Los Angeles,"5,755","4,523","593,003","4,567","771,700","3,628","28,634","2,055",2,0,0,0,0,2,0,0,"54,470","1,695","2,765",881,983,"18,986","226,328","23,806","183,630","1,055","5,390",0,0,0,0,0,0,0,0,1,"3,452","4,218","4,329",1,117,108,112,186,"3,848",298,"1,225",165,355,515,108,124,193,150,192,174,209,466,841,0,114,552,91,47,90,685,469
  Percent,0.4%,0.3%,42.0%,0.3%,54.6%,0.2%,2.1%,0.1%,0.0%,0.0%,0.0%,0.0%,0.0%,0.0%,0.0%,0.0%,10.5%,0.3%,0.5%,0.1%,0.1%,3.7%,43.6%,4.6%,35.4%,0.2%,1.0%,0.0%,0.0%,0.0%,0.0%,0.0%,0.0%,0.0%,0.0%,0.0%,28.7%,35.2%,36.1%,0.0%,1.9%,1.8%,1.9%,3.2%,65.3%,5.1%,20.8%,4.7%,10.2%,14.8%,3.0%,3.5%,5.6%,4.2%,5.5%,5.0%,6.0%,13.4%,24.1%,0.0%,5.6%,27.0%,4.4%,2.2%,4.3%,33.5%,23.0%
,,,,,,,,,,,,,,,,,,,,,,,,,,,,,,,,,,,,,,,,,,,,,,,,,,,,,,,,,,,,,,,,,,,
Madera,49,82,"4,152",104,"6,869",30,944,38,0,0,0,0,0,0,0,0,"2,439",40,70,15,13,775,"5,398",418,"5,217",10,396,0,0,0,0,0,0,0,0,0,83,88,96,0,2,1,3,4,42,4,13,6,7,8,1,4,8,2,3,3,1,8,16,0,0,5,4,0,0,5,5
  Percent,0.3%,0.7%,33.9%,0.9%,56.0%,0.2%,7.7%,0.3%,0.0%,0.0%,0.0%,0.0%,0.0%,0.0%,0.0%,0.0%,16.5%,0.2%,0.5%,0.1%,0.0%,5.3%,36.5%,2.9%,35.3%,0.0%,2.7%,0.0%,0.0%,0.0%,0.0%,0.0%,0.0%,0.0%,0.0%,0.0%,31.0%,33.0%,36.0%,0.0%,2.8%,1.4%,4.4%,5.8%,60.9%,5.8%,18.9%,9.0%,10.5%,12.0%,1.4%,6.0%,12.0%,2.9%,4.5%,4.4%,1.4%,12.0%,23.9%,0.0%,0.0%,26.4%,21.0%,0.0%,0.0%,26.3%,26.3%
,,,,,,,,,,,,,,,,,,,,,,,,,,,,,,,,,,,,,,,,,,,,,,,,,,,,,,,,,,,,,,,,,,,
Marin,227,568,"42,824",169,"28,713",47,"3,151",83,0,0,0,0,0,0,0,0,"1,176",39,39,12,24,"1,537","11,898","1,155","6,122",38,483,0,0,0,0,0,0,0,0,0,141,131,113,0,12,14,22,24,594,41,336,11,23,31,6,6,4,5,2,8,19,26,70,0,1,12,2,0,2,41,11
  Percent,0.2%,0.8%,56.6%,0.2%,37.9%,0.0%,4.2%,0.1%,0.0%,0.0%,0.0%,0.0%,0.0%,0.0%,0.0%,0.0%,5.3%,0.1%,0.1%,0.0%,0.1%,6.9%,52.9%,5.2%,27.2%,0.1%,2.1%,0.0%,0.0%,0.0%,0.0%,0.0%,0.0%,0.0%,0.0%,0.0%,36.7%,34.0%,29.3%,0.0%,1.1%,1.3%,2.1%,2.3%,57.0%,3.9%,32.3%,5.3%,11.0%,14.7%,2.8%,2.8%,1.8%,2.3%,0.9%,3.7%,9.1%,12.4%,33.2%,0.0%,1.4%,17.4%,2.9%,0.0%,2.8%,59.5%,16.0%
,,,,,,,,,,,,,,,,,,,,,,,,,,,,,,,,,,,,,,,,,,,,,,,,,,,,,,,,,,,,,,,,,,,
Mariposa,16,28,"1,172",12,"1,271",8,286,9,0,0,0,0,0,0,0,0,594,10,22,2,3,149,"1,343",155,"1,100",1,90,0,0,0,0,0,0,0,0,0,24,25,25,0,2,0,1,1,35,2,12,0,2,5,0,1,2,0,0,0,1,1,8,0,0,1,0,0,0,0,1
  Percent,0.5%,1.0%,41.9%,0.4%,45.4%,0.2%,10.3%,0.3%,0.0%,0.0%,0.0%,0.0%,0.0%,0.0%,0.0%,0.0%,17.2%,0.2%,0.6%,0.0%,0.0%,4.3%,38.8%,4.5%,31.8%,0.0%,2.6%,0.0%,0.0%,0.0%,0.0%,0.0%,0.0%,0.0%,0.0%,0.0%,32.4%,33.8%,33.8%,0.0%,3.8%,0.0%,1.8%,1.8%,66.1%,3.8%,22.7%,0.0%,10.0%,25.0%,0.0%,5.0%,10.0%,0.0%,0.0%,0.0%,5.0%,5.0%,40.0%,0.0%,0.0%,50.0%,0.0%,0.0%,0.0%,0.0%,50.0%
,,,,,,,,,,,,,,,,,,,,,,,,,,,,,,,,,,,,,,,,,,,,,,,,,,,,,,,,,,,,,,,,,,,
Mendocino,67,440,"8,547",77,"7,012",12,"1,222",31,0,0,0,0,0,0,0,0,"1,061",27,34,3,8,425,"3,605",446,"1,378",7,219,0,0,0,0,0,0,0,0,0,62,53,56,0,6,9,5,7,331,22,203,3,3,20,1,2,9,3,0,0,1,7,20,0,0,1,1,0,1,25,6
  Percent,0.3%,2.6%,49.1%,0.5%,40.3%,0.0%,7.1%,0.1%,0.0%,0.0%,0.0%,0.0%,0.0%,0.0%,0.0%,0.0%,14.8%,0.3%,0.4%,0.0%,0.1%,5.9%,50.0%,6.2%,19.2%,0.0%,3.1%,0.0%,0.0%,0.0%,0.0%,0.0%,0.0%,0.0%,0.0%,0.0%,36.3%,30.9%,32.8%,0.0%,1.0%,1.5%,0.8%,1.2%,56.8%,3.8%,34.9%,4.4%,4.4%,29.0%,1.4%,2.8%,13.1%,4.3%,0.0%,0.0%,1.4%,10.2%,29.0%,0.0%,0.0%,2.9%,2.9%,0.0%,2.9%,73.6%,17.7%
,,,,,,,,,,,,,,,,,,,,,,,,,,,,,,,,,,,,,,,,,,,,,,,,,,,,,,,,,,,,,,,,,,,
Merced,78,75,"7,182",159,"12,619",36,"1,133",73,0,0,0,0,0,0,0,0,"2,356",39,112,15,58,602,"6,179",510,"5,356",12,265,0,0,0,0,0,0,0,0,0,91,83,120,2,2,1,0,1,52,2,13,4,3,7,1,1,0,1,3,2,2,6,10,0,1,7,2,2,0,5,6
  Percent,0.3%,0.3%,33.7%,0.8%,59.1%,0.1%,5.4%,0.3%,0.0%,0.0%,0.0%,0.0%,0.0%,0.0%,0.0%,0.0%,15.2%,0.2%,0.8%,0.0%,0.3%,3.9%,39.9%,3.3%,34.6%,0.0%,1.8%,0.0%,0.0%,0.0%,0.0%,0.0%,0.0%,0.0%,0.0%,0.0%,30.8%,28.0%,40.6%,0.6%,2.8%,1.4%,0.0%,1.4%,73.3%,2.8%,18.3%,10.0%,7.5%,17.5%,2.5%,2.5%,0.0%,2.5%,7.5%,5.0%,5.0%,15.0%,25.0%,0.0%,4.3%,30.5%,8.7%,8.6%,0.0%,21.8%,26.1%
,,,,,,,,,,,,,,,,,,,,,,,,,,,,,,,,,,,,,,,,,,,,,,,,,,,,,,,,,,,,,,,,,,,
Modoc,4,2,433,16,489,4,131,9,0,0,0,0,0,0,0,0,240,13,7,0,1,56,724,49,636,2,22,0,0,0,0,0,0,0,0,0,13,10,17,0,0,0,0,0,4,0,1,0,0,1,0,0,0,0,0,0,1,1,6,0,0,0,0,0,0,2,2
  Percent,0.3%,0.1%,39.8%,1.5%,45.0%,0.3%,12.1%,0.9%,0.0%,0.0%,0.0%,0.0%,0.0%,0.0%,0.0%,0.0%,13.8%,0.7%,0.4%,0.0%,0.0%,3.2%,41.4%,2.8%,36.4%,0.1%,1.2%,0.0%,0.0%,0.0%,0.0%,0.0%,0.0%,0.0%,0.0%,0.0%,32.5%,25.0%,42.5%,0.0%,0.0%,0.0%,0.0%,0.0%,80.0%,0.0%,20.0%,0.0%,0.0%,11.1%,0.0%,0.0%,0.0%,0.0%,0.0%,0.0%,11.1%,11.1%,66.7%,0.0%,0.0%,0.0%,0.0%,0.0%,0.0%,50.0%,50.0%
,,,,,,,,,,,,,,,,,,,,,,,,,,,,,,,,,,,,,,,,,,,,,,,,,,,,,,,,,,,,,,,,,,,
Mono,6,9,897,10,612,3,97,5,0,0,0,0,0,0,0,0,200,7,5,0,0,56,640,63,404,2,25,0,0,0,0,0,0,0,0,0,8,8,6,0,0,0,0,0,14,1,2,1,0,1,0,0,3,0,1,1,1,0,4,0,0,0,0,0,0,2,0
  Percent,0.3%,0.5%,54.8%,0.6%,37.4%,0.1%,6.0%,0.3%,0.0%,0.0%,0.0%,0.0%,0.0%,0.0%,0.0%,0.0%,14.3%,0.4%,0.3%,0.0%,0.0%,4.0%,45.7%,4.5%,28.9%,0.1%,1.8%,0.0%,0.0%,0.0%,0.0%,0.0%,0.0%,0.0%,0.0%,0.0%,36.4%,36.4%,27.2%,0.0%,0.0%,0.0%,0.0%,0.0%,82.4%,5.8%,11.8%,8.3%,0.0%,8.3%,0.0%,0.0%,25.1%,0.0%,8.3%,8.3%,8.3%,0.0%,33.4%,0.0%,0.0%,0.0%,0.0%,0.0%,0.0%,100.0%,0.0%
,,,,,,,,,,,,,,,,,,,,,,,,,,,,,,,,,,,,,,,,,,,,,,,,,,,,,,,,,,,,,,,,,,,
Monterey,170,290,"20,184",185,"27,673",61,"2,170",71,0,0,0,0,0,0,0,0,"2,637",57,98,25,55,"1,677","12,524","1,119","6,343",26,461,0,0,0,0,0,0,0,0,0,129,152,129,0,4,5,6,14,255,20,65,8,9,22,10,6,5,2,4,3,5,15,38,0,0,14,1,1,3,26,6
  Percent,0.3%,0.6%,39.8%,0.3%,54.5%,0.1%,4.3%,0.1%,0.0%,0.0%,0.0%,0.0%,0.0%,0.0%,0.0%,0.0%,10.6%,0.2%,0.3%,0.0%,0.2%,6.8%,50.1%,4.5%,25.4%,0.1%,1.8%,0.0%,0.0%,0.0%,0.0%,0.0%,0.0%,0.0%,0.0%,0.0%,31.5%,37.1%,31.4%,0.0%,1.0%,1.3%,1.6%,3.7%,69.2%,5.5%,17.7%,6.3%,7.1%,17.4%,7.9%,4.7%,3.9%,1.5%,3.1%,2.3%,3.9%,11.9%,30.0%,0.0%,0.0%,27.5%,1.9%,1.9%,5.9%,51.0%,11.8%
,,,,,,,,,,,,,,,,,,,,,,,,,,,,,,,,,,,,,,,,,,,,,,,,,,,,,,,,,,,,,,,,,,,
Napa,112,136,"10,503",124,"12,384",26,"1,389",46,0,0,0,0,0,0,0,0,"1,197",31,45,26,20,703,"6,696",724,"3,662",27,336,0,0,0,0,0,0,0,0,0,65,87,69,0,3,4,2,6,180,11,45,2,5,11,2,6,3,0,2,11,0,14,27,0,0,2,1,2,2,10,3
  Percent,0.4%,0.6%,42.5%,0.5%,50.1%,0.1%,5.7%,0.1%,0.0%,0.0%,0.0%,0.0%,0.0%,0.0%,0.0%,0.0%,8.9%,0.2%,0.3%,0.1%,0.1%,5.3%,49.8%,5.4%,27.2%,0.2%,2.5%,0.0%,0.0%,0.0%,0.0%,0.0%,0.0%,0.0%,0.0%,0.0%,29.4%,39.4%,31.2%,0.0%,1.1%,1.6%,0.7%,2.4%,71.8%,4.4%,18.0%,2.4%,6.0%,13.3%,2.4%,7.2%,3.6%,0.0%,2.4%,13.2%,0.0%,16.9%,32.6%,0.0%,0.0%,10.0%,5.0%,10.0%,10.0%,50.0%,15.0%
,,,,,,,,,,,,,,,,,,,,,,,,,,,,,,,,,,,,,,,,,,,,,,,,,,,,,,,,,,,,,,,,,,,
Nevada,69,184,"8,960",79,"6,689",33,"1,259",31,0,0,0,0,0,0,0,0,"1,951",70,72,1,13,891,"6,417",977,"6,572",10,540,0,0,0,0,0,0,0,0,0,66,64,56,0,2,2,6,8,267,17,66,6,7,17,3,2,2,1,1,7,4,14,28,0,0,2,1,0,1,13,5
  Percent,0.4%,1.1%,51.8%,0.5%,38.7%,0.1%,7.3%,0.1%,0.0%,0.0%,0.0%,0.0%,0.0%,0.0%,0.0%,0.0%,11.2%,0.3%,0.4%,0.0%,0.0%,5.1%,36.7%,5.6%,37.6%,0.0%,3.1%,0.0%,0.0%,0.0%,0.0%,0.0%,0.0%,0.0%,0.0%,0.0%,35.5%,34.4%,30.1%,0.0%,0.5%,0.5%,1.6%,2.1%,72.6%,4.7%,18.0%,6.6%,7.7%,18.5%,3.2%,2.1%,2.1%,1.0%,1.0%,7.7%,4.3%,15.3%,30.5%,0.0%,0.0%,9.1%,4.5%,0.0%,4.5%,59.1%,22.8%
,,,,,,,,,,,,,,,,,,,,,,,,,,,,,,,,,,,,,,,,,,,,,,,,,,,,,,,,,,,,,,,,,,,
Orange,"1,214","1,401","117,327","1,468","170,330",475,"13,722",521,1,0,0,0,0,0,0,0,"38,877",821,"1,092",236,424,"16,399","142,408","16,443","134,564",581,"5,135",0,0,0,0,0,0,0,0,0,"1,140","1,185","1,293",0,34,27,29,43,"1,145",65,296,94,151,365,62,100,113,60,70,99,64,274,406,1,28,52,44,4,35,157,64
  Percent,0.4%,0.5%,38.3%,0.5%,55.6%,0.1%,4.5%,0.1%,0.0%,0.0%,0.0%,0.0%,0.0%,0.0%,0.0%,0.0%,10.9%,0.2%,0.3%,0.0%,0.1%,4.6%,39.9%,4.7%,37.7%,0.1%,1.5%,0.0%,0.0%,0.0%,0.0%,0.0%,0.0%,0.0%,0.0%,0.0%,31.5%,32.7%,35.8%,0.0%,2.0%,1.6%,1.7%,2.7%,69.9%,4.0%,18.1%,5.0%,8.2%,19.7%,3.3%,5.4%,6.1%,3.2%,3.7%,5.3%,3.4%,14.8%,21.9%,0.0%,7.2%,13.6%,11.5%,1.0%,9.1%,40.9%,16.7%
,,,,,,,,,,,,,,,,,,,,,,,,,,,,,,,,,,,,,,,,,,,,,,,,,,,,,,,,,,,,,,,,,,,
Placer,243,197,"20,532",214,"22,482",91,"3,272",70,0,0,0,0,0,0,0,0,"6,790",109,182,20,25,"3,176","24,221","2,296","24,212",39,"1,037",0,0,0,0,0,0,0,0,0,205,203,198,0,11,5,16,13,238,15,68,4,27,56,5,8,9,6,17,11,13,37,47,0,3,4,4,0,1,21,7
  Percent,0.6%,0.4%,43.6%,0.4%,47.8%,0.1%,7.0%,0.1%,0.0%,0.0%,0.0%,0.0%,0.0%,0.0%,0.0%,0.0%,11.0%,0.1%,0.3%,0.0%,0.0%,5.2%,39.0%,3.7%,39.0%,0.0%,1.7%,0.0%,0.0%,0.0%,0.0%,0.0%,0.0%,0.0%,0.0%,0.0%,33.9%,33.5%,32.6%,0.0%,3.0%,1.3%,4.4%,3.5%,65.1%,4.1%,18.6%,1.6%,11.3%,23.4%,2.0%,3.3%,3.7%,2.5%,7.1%,4.5%,5.5%,15.5%,19.6%,0.0%,7.5%,10.0%,10.0%,0.0%,2.5%,52.5%,17.5%
,,,,,,,,,,,,,,,,,,,,,,,,,,,,,,,,,,,,,,,,,,,,,,,,,,,,,,,,,,,,,,,,,,,
Plumas,17,30,"1,607",24,"1,386",7,364,8,0,0,0,0,0,0,0,0,565,19,11,1,6,149,"1,380",142,"1,337",4,93,0,0,0,0,0,0,0,0,0,24,16,16,0,1,0,0,2,25,1,2,1,1,3,2,1,0,0,1,0,0,1,3,0,0,1,0,0,0,5,0
  Percent,0.4%,0.9%,46.7%,0.7%,40.3%,0.2%,10.6%,0.2%,0.0%,0.0%,0.0%,0.0%,0.0%,0.0%,0.0%,0.0%,15.3%,0.5%,0.2%,0.0%,0.1%,4.1%,37.3%,3.8%,36.1%,0.1%,2.5%,0.0%,0.0%,0.0%,0.0%,0.0%,0.0%,0.0%,0.0%,0.0%,42.9%,28.6%,28.5%,0.0%,3.2%,0.0%,0.0%,6.5%,80.7%,3.2%,6.4%,7.7%,7.7%,23.1%,15.4%,7.7%,0.0%,0.0%,7.7%,0.0%,0.0%,7.6%,23.1%,0.0%,0.0%,16.6%,0.0%,0.0%,0.0%,83.4%,0.0%
,,,,,,,,,,,,,,,,,,,,,,,,,,,,,,,,,,,,,,,,,,,,,,,,,,,,,,,,,,,,,,,,,,,
Riverside,707,672,"63,421",993,"106,928",291,"9,143",346,0,0,0,0,0,0,1,0,"23,674",616,721,99,154,"7,323","72,679","5,969","60,598",282,"3,211",0,0,0,1,0,0,0,0,0,727,819,"1,008",0,16,12,9,18,439,37,112,25,83,132,18,17,24,24,48,24,36,100,201,0,14,53,18,4,12,106,56
  Percent,0.4%,0.3%,34.8%,0.6%,58.6%,0.1%,5.1%,0.1%,0.0%,0.0%,0.0%,0.0%,0.0%,0.0%,0.0%,0.0%,13.6%,0.3%,0.4%,0.0%,0.0%,4.2%,41.5%,3.5%,34.6%,0.1%,1.8%,0.0%,0.0%,0.0%,0.0%,0.0%,0.0%,0.0%,0.0%,0.0%,28.4%,32.1%,39.5%,0.0%,2.5%,1.8%,1.3%,2.8%,68.3%,5.8%,17.5%,3.4%,11.4%,18.1%,2.4%,2.3%,3.2%,3.2%,6.6%,3.2%,5.0%,13.7%,27.5%,0.0%,5.3%,20.2%,6.8%,1.5%,4.5%,40.4%,21.3%
,,,,,,,,,,,,,,,,,,,,,,,,,,,,,,,,,,,,,,,,,,,,,,,,,,,,,,,,,,,,,,,,,,,
Sacramento,612,831,"92,146",767,"90,614",238,"9,346",323,0,0,0,1,1,1,0,1,"13,190",202,393,55,67,"5,660","51,263","4,874","45,827",102,"1,863",0,0,0,0,0,0,0,0,1,543,531,651,5,35,16,18,52,865,70,236,26,52,124,19,44,29,20,22,9,30,102,148,0,10,54,16,3,24,127,61
  Percent,0.3%,0.5%,47.3%,0.4%,46.5%,0.1%,4.8%,0.1%,0.0%,0.0%,0.0%,0.0%,0.0%,0.0%,0.0%,0.0%,10.7%,0.1%,0.3%,0.0%,0.0%,4.6%,41.6%,4.0%,37.2%,0.0%,1.5%,0.0%,0.0%,0.0%,0.0%,0.0%,0.0%,0.0%,0.0%,0.0%,31.4%,30.7%,37.7%,0.2%,2.7%,1.2%,1.3%,4.0%,67.0%,5.5%,18.3%,4.1%,8.4%,19.9%,3.0%,7.0%,4.6%,3.2%,3.5%,1.4%,4.8%,16.4%,23.7%,0.0%,3.3%,18.4%,5.4%,1.0%,8.1%,43.1%,20.7%
,,,,,,,,,,,,,,,,,,,,,,,,,,,,,,,,,,,,,,,,,,,,,,,,,,,,,,,,,,,,,,,,,,,
San Benito,36,32,"2,532",27,"4,641",9,303,11,0,0,0,0,0,0,0,0,471,10,10,8,7,226,"2,269",184,"1,390",4,87,0,0,0,0,0,0,0,0,0,46,44,34,0,1,2,3,2,27,1,9,0,1,2,2,0,2,1,3,1,1,0,11,0,0,2,1,0,0,6,1
  Percent,0.5%,0.4%,33.4%,0.3%,61.2%,0.1%,4.0%,0.1%,0.0%,0.0%,0.0%,0.0%,0.0%,0.0%,0.0%,0.0%,10.1%,0.2%,0.2%,0.1%,0.1%,4.9%,48.7%,4.0%,29.8%,0.0%,1.9%,0.0%,0.0%,0.0%,0.0%,0.0%,0.0%,0.0%,0.0%,0.0%,37.1%,35.5%,27.4%,0.0%,2.2%,4.4%,6.6%,4.4%,60.1%,2.2%,20.1%,0.0%,4.1%,8.4%,8.4%,0.0%,8.3%,4.1%,12.6%,4.1%,4.1%,0.0%,45.9%,0.0%,0.0%,20.0%,10.0%,0.0%,0.0%,60.0%,10.0%
,,,,,,,,,,,,,,,,,,,,,,,,,,,,,,,,,,,,,,,,,,,,,,,,,,,,,,,,,,,,,,,,,,,
San Bernardino,747,573,"62,697",980,"104,122",300,"7,831",322,0,0,0,0,0,0,0,0,"22,654",379,625,155,172,"4,977","58,085","5,802","52,085",259,"2,824",0,0,0,0,0,0,0,0,0,737,807,932,0,12,10,19,23,527,36,103,26,72,101,27,43,47,74,27,19,31,87,154,0,15,58,9,3,17,130,37
  Percent,0.4%,0.3%,35.4%,0.5%,58.7%,0.1%,4.5%,0.1%,0.0%,0.0%,0.0%,0.0%,0.0%,0.0%,0.0%,0.0%,15.4%,0.2%,0.4%,0.1%,0.1%,3.3%,39.3%,4.0%,35.2%,0.1%,1.9%,0.0%,0.0%,0.0%,0.0%,0.0%,0.0%,0.0%,0.0%,0.0%,29.7%,32.6%,37.7%,0.0%,1.6%,1.3%,2.6%,3.1%,72.2%,5.0%,14.2%,3.6%,10.2%,14.3%,3.8%,6.1%,6.7%,10.5%,3.8%,2.6%,4.3%,12.3%,21.8%,0.0%,5.5%,21.6%,3.3%,1.1%,6.3%,48.4%,13.8%
,,,,,,,,,,,,,,,,,,,,,,,,,,,,,,,,,,,,,,,,,,,,,,,,,,,,,,,,,,,,,,,,,,,
San Diego,"1,350","1,719","170,500","1,655","192,817",410,"16,108",627,0,0,0,2,0,0,0,0,"29,019","6,828",916,155,208,"11,087","124,009","12,953","121,730",246,"3,676",0,0,0,0,0,0,0,0,0,"1,167","1,196","1,274",4,88,37,32,70,"1,456",69,315,78,139,294,55,49,64,66,73,71,92,222,425,0,13,67,19,6,26,196,55
  Percent,0.3%,0.5%,44.3%,0.4%,50.1%,0.1%,4.2%,0.1%,0.0%,0.0%,0.0%,0.0%,0.0%,0.0%,0.0%,0.0%,9.4%,2.2%,0.3%,0.0%,0.0%,3.6%,39.9%,4.2%,39.2%,0.0%,1.2%,0.0%,0.0%,0.0%,0.0%,0.0%,0.0%,0.0%,0.0%,0.0%,32.0%,32.9%,35.0%,0.1%,4.3%,1.7%,1.5%,3.4%,70.5%,3.3%,15.3%,4.8%,8.6%,18.1%,3.3%,3.0%,3.9%,4.0%,4.4%,4.3%,5.7%,13.7%,26.2%,0.0%,3.4%,17.6%,4.9%,1.5%,6.8%,51.4%,14.4%
,,,,,,,,,,,,,,,,,,,,,,,,,,,,,,,,,,,,,,,,,,,,,,,,,,,,,,,,,,,,,,,,,,,
San Francisco,410,"1,368","112,107",331,"94,288",92,"4,434",258,0,0,0,0,0,0,0,0,"1,453",76,92,13,35,"1,726","13,398","1,934","5,463",39,390,0,0,0,0,0,0,0,0,0,188,264,161,0,44,26,69,87,"1,450",92,"1,570",13,25,83,9,25,37,16,21,9,23,45,102,0,19,63,5,3,14,108,109
  Percent,0.1%,0.7%,52.6%,0.1%,44.3%,0.0%,2.1%,0.1%,0.0%,0.0%,0.0%,0.0%,0.0%,0.0%,0.0%,0.0%,6.0%,0.3%,0.3%,0.0%,0.1%,7.1%,54.5%,7.9%,22.2%,0.1%,1.5%,0.0%,0.0%,0.0%,0.0%,0.0%,0.0%,0.0%,0.0%,0.0%,30.7%,43.1%,26.2%,0.0%,1.3%,0.7%,2.0%,2.6%,43.5%,2.8%,47.1%,3.1%,6.1%,20.4%,2.2%,6.1%,9.1%,3.9%,5.1%,2.2%,5.6%,11.1%,25.1%,0.0%,5.9%,19.7%,1.5%,0.9%,4.3%,33.7%,34.0%
,,,,,,,,,,,,,,,,,,,,,,,,,,,,,,,,,,,,,,,,,,,,,,,,,,,,,,,,,,,,,,,,,,,
San Joaquin,231,189,"24,197",339,"37,633",64,"3,119",143,0,0,0,0,0,0,0,0,"7,292",95,231,40,76,"2,229","21,907","1,530","16,020",60,936,0,0,0,1,0,0,0,0,0,162,141,235,0,4,4,7,2,133,12,26,4,14,25,3,15,8,8,6,11,4,32,49,0,5,13,8,2,2,18,8
  Percent,0.3%,0.2%,36.8%,0.6%,57.1%,0.0%,4.8%,0.2%,0.0%,0.0%,0.0%,0.0%,0.0%,0.0%,0.0%,0.0%,14.5%,0.1%,0.4%,0.0%,0.1%,4.5%,43.5%,3.1%,31.8%,0.1%,1.9%,0.0%,0.0%,0.0%,0.0%,0.0%,0.0%,0.0%,0.0%,0.0%,30.1%,26.2%,43.7%,0.0%,2.1%,2.1%,3.7%,1.0%,70.8%,6.4%,13.9%,2.2%,7.9%,14.0%,1.6%,8.4%,4.5%,4.4%,3.3%,6.2%,2.2%,17.9%,27.4%,0.0%,8.9%,23.3%,14.3%,3.5%,3.5%,32.2%,14.3%
,,,,,,,,,,,,,,,,,,,,,,,,,,,,,,,,,,,,,,,,,,,,,,,,,,,,,,,,,,,,,,,,,,,
San Luis Obispo,140,510,"21,281",227,"17,384",37,"2,897",78,0,0,0,0,0,0,0,0,"5,646",101,171,14,18,"1,871","16,017","2,111","13,481",11,892,0,0,0,0,0,0,0,0,0,178,140,116,0,15,11,6,16,303,9,130,4,29,30,10,3,12,5,6,3,14,32,42,0,3,4,4,1,3,23,6
  Percent,0.3%,1.2%,50.1%,0.5%,40.9%,0.0%,6.9%,0.1%,0.0%,0.0%,0.0%,0.0%,0.0%,0.0%,0.0%,0.0%,14.0%,0.2%,0.4%,0.0%,0.0%,4.6%,39.8%,5.3%,33.5%,0.0%,2.2%,0.0%,0.0%,0.0%,0.0%,0.0%,0.0%,0.0%,0.0%,0.0%,41.1%,32.2%,26.7%,0.0%,3.0%,2.2%,1.2%,3.3%,61.9%,1.8%,26.6%,2.1%,15.3%,15.8%,5.2%,1.5%,6.4%,2.6%,3.1%,1.5%,7.4%,16.9%,22.2%,0.0%,6.8%,9.1%,9.1%,2.2%,6.8%,52.3%,13.7%
,,,,,,,,,,,,,,,,,,,,,,,,,,,,,,,,,,,,,,,,,,,,,,,,,,,,,,,,,,,,,,,,,,,
San Mateo,425,602,"63,460",338,"72,584",140,"4,943",177,0,0,0,0,0,0,0,0,"3,195",81,113,34,27,"2,807","23,944","2,253","13,563",65,836,0,0,0,0,0,0,0,0,1,196,232,181,0,16,14,10,30,521,27,259,12,29,56,3,8,15,5,10,30,20,46,85,0,5,13,3,2,1,41,19
  Percent,0.3%,0.5%,44.5%,0.2%,50.9%,0.0%,3.5%,0.1%,0.0%,0.0%,0.0%,0.0%,0.0%,0.0%,0.0%,0.0%,6.9%,0.1%,0.2%,0.0%,0.0%,6.0%,51.1%,4.9%,29.0%,0.1%,1.7%,0.0%,0.0%,0.0%,0.0%,0.0%,0.0%,0.0%,0.0%,0.0%,32.2%,38.1%,29.7%,0.0%,1.8%,1.5%,1.1%,3.5%,59.5%,3.0%,29.6%,3.7%,9.1%,17.6%,0.9%,2.5%,4.7%,1.5%,3.1%,9.5%,6.2%,14.5%,26.7%,0.0%,6.0%,15.5%,3.5%,2.3%,1.1%,48.9%,22.7%
,,,,,,,,,,,,,,,,,,,,,,,,,,,,,,,,,,,,,,,,,,,,,,,,,,,,,,,,,,,,,,,,,,,
Santa Barbara,221,546,"33,167",267,"27,156",72,"2,878",122,0,0,0,0,0,0,0,0,"5,282",154,180,20,21,"2,422","17,778","2,004","14,608",50,743,0,0,0,0,0,0,0,0,0,146,116,163,0,4,7,9,17,386,23,84,15,16,50,6,6,7,8,7,9,4,32,38,0,3,7,2,0,2,24,9
  Percent,0.3%,0.9%,51.5%,0.4%,42.2%,0.1%,4.5%,0.1%,0.0%,0.0%,0.0%,0.0%,0.0%,0.0%,0.0%,0.0%,12.3%,0.3%,0.4%,0.0%,0.0%,5.6%,41.1%,4.7%,33.8%,0.1%,1.7%,0.0%,0.0%,0.0%,0.0%,0.0%,0.0%,0.0%,0.0%,0.0%,34.4%,27.2%,38.4%,0.0%,0.7%,1.3%,1.6%,3.2%,72.9%,4.4%,15.9%,7.6%,8.1%,25.3%,3.0%,3.0%,3.5%,4.0%,3.5%,4.6%,2.0%,16.2%,19.2%,0.0%,6.4%,14.9%,4.2%,0.0%,4.2%,51.1%,19.2%
,,,,,,,,,,,,,,,,,,,,,,,,,,,,,,,,,,,,,,,,,,,,,,,,,,,,,,,,,,,,,,,,,,,
Santa Clara,832,"1,287","113,447",977,"148,355",227,"10,293",321,0,0,0,0,0,0,0,0,"10,676",311,422,96,133,"6,692","57,752","6,117","30,304",153,"2,270",0,0,0,0,0,0,0,0,0,581,828,729,0,50,37,32,73,889,80,432,30,71,191,35,51,48,39,37,20,53,143,258,0,15,47,27,2,21,112,54
  Percent,0.3%,0.4%,41.2%,0.3%,53.9%,0.0%,3.8%,0.1%,0.0%,0.0%,0.0%,0.0%,0.0%,0.0%,0.0%,0.0%,9.3%,0.2%,0.3%,0.0%,0.1%,5.9%,50.3%,5.4%,26.4%,0.1%,2.0%,0.0%,0.0%,0.0%,0.0%,0.0%,0.0%,0.0%,0.0%,0.0%,27.1%,38.8%,34.1%,0.0%,3.1%,2.3%,2.0%,4.5%,55.9%,5.0%,27.2%,3.0%,7.3%,19.6%,3.5%,5.3%,5.0%,3.9%,3.7%,2.0%,5.5%,14.7%,26.5%,0.0%,5.3%,17.0%,9.7%,0.7%,7.5%,40.3%,19.5%
,,,,,,,,,,,,,,,,,,,,,,,,,,,,,,,,,,,,,,,,,,,,,,,,,,,,,,,,,,,,,,,,,,,
Santa Cruz,168,582,"35,031",123,"25,763",52,"1,938",106,0,0,0,0,0,0,0,0,"1,964",33,96,16,17,907,"8,859","1,623","4,390",28,247,0,0,0,0,0,0,0,0,0,143,150,128,1,25,17,40,25,842,65,330,4,30,43,35,13,9,4,9,7,15,38,81,0,3,19,2,0,8,49,33
  Percent,0.2%,1.0%,55.0%,0.1%,40.5%,0.0%,3.1%,0.1%,0.0%,0.0%,0.0%,0.0%,0.0%,0.0%,0.0%,0.0%,10.9%,0.1%,0.5%,0.0%,0.0%,5.0%,48.8%,9.0%,24.2%,0.1%,1.4%,0.0%,0.0%,0.0%,0.0%,0.0%,0.0%,0.0%,0.0%,0.0%,33.9%,35.6%,30.3%,0.2%,1.8%,1.2%,3.0%,1.8%,62.7%,4.9%,24.6%,1.3%,10.5%,15.0%,12.2%,4.5%,3.1%,1.3%,3.1%,2.4%,5.2%,13.2%,28.2%,0.0%,2.6%,16.7%,1.7%,0.0%,7.0%,43.0%,29.0%
,,,,,,,,,,,,,,,,,,,,,,,,,,,,,,,,,,,,,,,,,,,,,,,,,,,,,,,,,,,,,,,,,,,
Shasta,133,104,"8,149",185,"9,866",71,"2,301",90,1,0,0,0,0,0,0,0,"4,897",92,156,28,24,"1,094","9,641","1,154","10,652",20,781,0,0,0,0,0,0,0,0,1,185,147,245,1,2,2,1,6,91,6,21,5,13,24,1,5,9,9,1,5,7,18,36,0,3,7,2,0,0,18,4
  Percent,0.6%,0.4%,39.0%,0.9%,47.3%,0.3%,11.1%,0.4%,0.0%,0.0%,0.0%,0.0%,0.0%,0.0%,0.0%,0.0%,17.2%,0.3%,0.5%,0.0%,0.0%,3.9%,33.8%,4.1%,37.4%,0.0%,2.8%,0.0%,0.0%,0.0%,0.0%,0.0%,0.0%,0.0%,0.0%,0.0%,32.1%,25.4%,42.4%,0.1%,1.5%,1.5%,0.7%,4.7%,70.6%,4.7%,16.3%,3.7%,9.8%,18.1%,0.7%,3.7%,6.8%,6.8%,0.7%,3.7%,5.3%,13.6%,27.1%,0.0%,8.8%,20.6%,5.8%,0.0%,0.0%,53.0%,11.8%
,,,,,,,,,,,,,,,,,,,,,,,,,,,,,,,,,,,,,,,,,,,,,,,,,,,,,,,,,,,,,,,,,,,
Sierra,5,10,245,6,201,2,73,1,0,0,0,0,0,0,0,0,79,11,6,0,0,50,214,66,227,0,38,0,0,0,0,0,0,0,0,0,4,0,3,0,1,0,0,0,5,1,1,1,1,1,0,1,0,0,0,0,0,0,2,0,0,0,0,0,0,0,1
  Percent,0.9%,1.8%,45.2%,1.1%,37.1%,0.3%,13.5%,0.1%,0.0%,0.0%,0.0%,0.0%,0.0%,0.0%,0.0%,0.0%,11.5%,1.5%,0.8%,0.0%,0.0%,7.3%,31.0%,9.6%,32.9%,0.0%,5.4%,0.0%,0.0%,0.0%,0.0%,0.0%,0.0%,0.0%,0.0%,0.0%,57.2%,0.0%,42.8%,0.0%,12.5%,0.0%,0.0%,0.0%,62.5%,12.5%,12.5%,16.7%,16.7%,16.6%,0.0%,16.6%,0.0%,0.0%,0.0%,0.0%,0.0%,0.0%,33.4%,0.0%,0.0%,0.0%,0.0%,0.0%,0.0%,0.0%,100.0%
,,,,,,,,,,,,,,,,,,,,,,,,,,,,,,,,,,,,,,,,,,,,,,,,,,,,,,,,,,,,,,,,,,,
Siskiyou,35,81,"3,148",54,"2,529",14,574,39,0,0,0,0,0,0,0,0,"1,035",32,34,6,3,215,"2,625",418,"2,205",2,161,0,0,0,0,0,0,0,0,0,48,27,45,0,0,1,1,3,35,6,15,4,7,7,1,1,2,7,3,4,2,8,6,0,0,1,0,0,1,6,0
  Percent,0.5%,1.2%,48.7%,0.8%,39.1%,0.2%,8.9%,0.6%,0.0%,0.0%,0.0%,0.0%,0.0%,0.0%,0.0%,0.0%,15.4%,0.4%,0.5%,0.0%,0.0%,3.2%,39.0%,6.3%,32.8%,0.0%,2.4%,0.0%,0.0%,0.0%,0.0%,0.0%,0.0%,0.0%,0.0%,0.0%,40.0%,22.5%,37.5%,0.0%,0.0%,1.6%,1.6%,4.9%,57.4%,9.9%,24.6%,7.7%,13.5%,13.5%,1.9%,1.9%,3.8%,13.5%,5.7%,7.7%,3.8%,15.4%,11.6%,0.0%,0.0%,12.5%,0.0%,0.0%,12.5%,75.0%,0.0%
,,,,,,,,,,,,,,,,,,,,,,,,,,,,,,,,,,,,,,,,,,,,,,,,,,,,,,,,,,,,,,,,,,,
Solano,219,224,"30,397",268,"32,090",66,"3,175",74,0,0,0,0,0,0,0,0,"3,813",87,132,19,27,"1,457","13,672","1,075","8,937",29,881,0,0,0,0,0,0,0,0,0,193,179,225,0,4,3,7,11,184,10,59,16,12,24,7,7,9,4,9,10,5,29,44,0,2,7,5,1,3,20,6
  Percent,0.3%,0.3%,45.8%,0.4%,48.3%,0.0%,4.8%,0.1%,0.0%,0.0%,0.0%,0.0%,0.0%,0.0%,0.0%,0.0%,12.7%,0.2%,0.5%,0.0%,0.0%,4.9%,45.4%,3.6%,29.7%,0.0%,3.0%,0.0%,0.0%,0.0%,0.0%,0.0%,0.0%,0.0%,0.0%,0.0%,32.4%,29.9%,37.7%,0.0%,1.4%,1.0%,2.5%,4.0%,66.2%,3.6%,21.3%,9.1%,6.9%,13.7%,3.9%,3.9%,5.1%,2.2%,5.1%,5.7%,2.8%,16.5%,25.1%,0.0%,4.5%,16.0%,11.3%,2.2%,6.8%,45.5%,13.7%
,,,,,,,,,,,,,,,,,,,,,,,,,,,,,,,,,,,,,,,,,,,,,,,,,,,,,,,,,,,,,,,,,,,
Sonoma,404,"1,143","54,836",362,"48,748",97,"6,166",161,0,0,0,0,0,0,0,0,"4,583",128,185,53,63,"2,429","21,344","2,743","10,764",69,"1,107",0,0,0,0,1,0,0,0,0,450,423,358,0,38,29,35,71,"1,180",104,569,21,31,58,6,23,43,11,14,37,25,59,138,0,9,33,1,4,11,118,39
  Percent,0.3%,1.1%,49.0%,0.3%,43.6%,0.0%,5.6%,0.1%,0.0%,0.0%,0.0%,0.0%,0.0%,0.0%,0.0%,0.0%,10.6%,0.2%,0.4%,0.1%,0.1%,5.6%,49.2%,6.4%,24.8%,0.1%,2.5%,0.0%,0.0%,0.0%,0.0%,0.0%,0.0%,0.0%,0.0%,0.0%,36.6%,34.4%,29.0%,0.0%,1.8%,1.4%,1.7%,3.5%,58.3%,5.2%,28.1%,4.5%,6.6%,12.5%,1.2%,4.9%,9.3%,2.3%,3.0%,8.0%,5.3%,12.7%,29.7%,0.0%,4.1%,15.4%,0.4%,1.8%,5.2%,54.9%,18.2%
,,,,,,,,,,,,,,,,,,,,,,,,,,,,,,,,,,,,,,,,,,,,,,,,,,,,,,,,,,,,,,,,,,,
Stanislaus,182,200,"15,956",319,"29,528",88,"3,205",124,0,0,0,0,0,0,0,0,"7,130",98,192,22,30,"1,474","16,121","1,346","13,277",44,821,0,0,0,0,0,0,0,0,0,204,245,299,0,1,1,1,6,112,8,29,7,9,18,5,5,8,5,3,9,4,19,33,0,2,9,3,3,1,25,7
  Percent,0.3%,0.4%,32.2%,0.7%,59.6%,0.1%,6.5%,0.2%,0.0%,0.0%,0.0%,0.0%,0.0%,0.0%,0.0%,0.0%,17.6%,0.2%,0.4%,0.0%,0.0%,3.7%,39.8%,3.4%,32.8%,0.1%,2.0%,0.0%,0.0%,0.0%,0.0%,0.0%,0.0%,0.0%,0.0%,0.0%,27.2%,32.8%,40.0%,0.0%,0.6%,0.6%,0.6%,3.8%,70.9%,5.1%,18.4%,5.6%,7.2%,14.4%,4.0%,4.0%,6.4%,4.0%,2.4%,7.2%,3.2%,15.2%,26.4%,0.0%,4.0%,18.0%,6.0%,6.0%,2.0%,50.0%,14.0%
,,,,,,,,,,,,,,,,,,,,,,,,,,,,,,,,,,,,,,,,,,,,,,,,,,,,,,,,,,,,,,,,,,,
Sutter,35,24,"2,921",48,"4,431",22,625,32,0,0,0,0,0,0,0,0,"1,549",47,63,10,10,592,"4,666",394,"4,294",6,226,0,0,0,0,0,0,0,0,1,48,29,82,0,1,3,1,1,14,0,2,1,4,5,3,1,0,4,1,4,1,5,8,0,0,1,1,0,4,2,1
  Percent,0.5%,0.2%,35.9%,0.6%,54.5%,0.2%,7.7%,0.4%,0.0%,0.0%,0.0%,0.0%,0.0%,0.0%,0.0%,0.0%,13.1%,0.3%,0.5%,0.0%,0.0%,5.0%,39.4%,3.4%,36.3%,0.0%,2.0%,0.0%,0.0%,0.0%,0.0%,0.0%,0.0%,0.0%,0.0%,0.0%,30.2%,18.2%,51.6%,0.0%,4.5%,13.7%,4.5%,4.5%,63.7%,0.0%,9.1%,2.7%,10.8%,13.5%,8.1%,2.7%,0.0%,10.8%,2.7%,10.8%,2.7%,13.5%,21.7%,0.0%,0.0%,11.1%,11.1%,0.0%,44.5%,22.2%,11.1%
,,,,,,,,,,,,,,,,,,,,,,,,,,,,,,,,,,,,,,,,,,,,,,,,,,,,,,,,,,,,,,,,,,,
Tehama,54,37,"2,298",59,"3,497",23,865,40,0,0,0,0,0,0,0,0,"1,415",34,40,3,7,312,"3,370",333,"2,822",4,239,0,0,0,0,0,0,0,0,0,59,51,99,0,0,0,1,3,29,1,6,1,1,11,1,2,7,5,3,3,1,5,10,0,1,1,0,0,0,11,1
  Percent,0.8%,0.5%,33.5%,0.9%,50.9%,0.3%,12.6%,0.5%,0.0%,0.0%,0.0%,0.0%,0.0%,0.0%,0.0%,0.0%,16.5%,0.4%,0.5%,0.0%,0.0%,3.7%,39.3%,3.9%,32.9%,0.0%,2.8%,0.0%,0.0%,0.0%,0.0%,0.0%,0.0%,0.0%,0.0%,0.0%,28.2%,24.4%,47.4%,0.0%,0.0%,0.0%,2.5%,7.5%,72.5%,2.5%,15.0%,2.0%,2.0%,22.0%,2.0%,4.0%,14.0%,10.0%,6.0%,6.0%,2.0%,10.0%,20.0%,0.0%,7.2%,7.1%,0.0%,0.0%,0.0%,78.6%,7.1%
,,,,,,,,,,,,,,,,,,,,,,,,,,,,,,,,,,,,,,,,,,,,,,,,,,,,,,,,,,,,,,,,,,,
Trinity,6,41,"1,052",13,877,1,232,5,0,0,0,0,0,0,0,0,394,5,7,1,1,63,798,91,485,3,49,0,0,0,0,0,0,0,0,0,12,15,17,0,2,0,2,0,18,1,7,0,2,7,0,0,2,0,0,2,2,1,5,0,0,1,0,0,0,2,3
  Percent,0.2%,1.9%,47.3%,0.5%,39.4%,0.0%,10.5%,0.2%,0.0%,0.0%,0.0%,0.0%,0.0%,0.0%,0.0%,0.0%,20.8%,0.2%,0.4%,0.0%,0.0%,3.4%,42.1%,4.8%,25.6%,0.1%,2.6%,0.0%,0.0%,0.0%,0.0%,0.0%,0.0%,0.0%,0.0%,0.0%,27.2%,34.1%,38.7%,0.0%,6.6%,0.0%,6.6%,0.0%,60.1%,3.3%,23.4%,0.0%,9.5%,33.4%,0.0%,0.0%,9.5%,0.0%,0.0%,9.5%,9.5%,4.7%,23.9%,0.0%,0.0%,16.6%,0.0%,0.0%,0.0%,33.3%,50.1%
,,,,,,,,,,,,,,,,,,,,,,,,,,,,,,,,,,,,,,,,,,,,,,,,,,,,,,,,,,,,,,,,,,,
Tulare,142,106,"8,517",232,"16,621",62,"1,887",113,0,0,0,0,0,0,0,0,"5,428",76,161,25,43,"1,665","12,808",966,"11,856",18,782,0,0,0,0,0,0,0,0,0,113,127,143,0,3,3,5,0,77,5,22,6,7,18,3,2,4,2,5,2,3,12,22,0,2,6,4,2,2,10,5
  Percent,0.5%,0.3%,30.8%,0.8%,60.1%,0.2%,6.9%,0.4%,0.0%,0.0%,0.0%,0.0%,0.0%,0.0%,0.0%,0.0%,16.1%,0.2%,0.4%,0.0%,0.1%,5.0%,37.9%,2.9%,35.1%,0.0%,2.3%,0.0%,0.0%,0.0%,0.0%,0.0%,0.0%,0.0%,0.0%,0.0%,29.5%,33.1%,37.4%,0.0%,2.6%,2.6%,4.3%,0.0%,67.0%,4.3%,19.2%,7.0%,8.2%,21.0%,3.4%,2.3%,4.6%,2.3%,5.9%,2.3%,3.4%,14.0%,25.6%,0.0%,6.4%,19.4%,12.9%,6.4%,6.4%,32.3%,16.2%
,,,,,,,,,,,,,,,,,,,,,,,,,,,,,,,,,,,,,,,,,,,,,,,,,,,,,,,,,,,,,,,,,,,
Tuolumne,40,68,"3,384",72,"4,168",11,781,20,0,0,0,0,0,0,0,0,"1,424",25,42,8,6,366,"3,521",295,"3,160",7,289,0,0,0,0,0,0,0,0,0,45,57,51,0,2,0,2,2,51,4,21,1,3,8,3,2,3,4,0,4,0,8,11,0,1,1,1,0,2,8,3
  Percent,0.4%,0.7%,39.7%,0.9%,48.8%,0.1%,9.2%,0.2%,0.0%,0.0%,0.0%,0.0%,0.0%,0.0%,0.0%,0.0%,15.6%,0.2%,0.4%,0.0%,0.0%,4.1%,38.6%,3.3%,34.6%,0.0%,3.2%,0.0%,0.0%,0.0%,0.0%,0.0%,0.0%,0.0%,0.0%,0.0%,29.4%,37.3%,33.3%,0.0%,2.4%,0.0%,2.4%,2.4%,62.2%,4.9%,25.7%,2.1%,6.3%,17.1%,6.3%,4.2%,6.3%,8.6%,0.0%,8.5%,0.0%,17.1%,23.5%,0.0%,6.2%,6.2%,6.2%,0.0%,12.5%,50.1%,18.8%
,,,,,,,,,,,,,,,,,,,,,,,,,,,,,,,,,,,,,,,,,,,,,,,,,,,,,,,,,,,,,,,,,,,
Ventura,422,534,"47,904",445,"63,111",170,"4,790",185,0,0,0,0,0,0,0,0,"11,249",176,287,47,47,"3,724","39,074","3,463","33,495",142,"1,251",0,0,0,0,0,0,0,0,1,336,368,395,0,6,9,14,27,505,39,116,23,32,74,23,22,31,21,15,17,18,80,118,0,5,29,8,4,9,58,16
  Percent,0.3%,0.5%,40.8%,0.4%,53.7%,0.1%,4.1%,0.1%,0.0%,0.0%,0.0%,0.0%,0.0%,0.0%,0.0%,0.0%,12.2%,0.1%,0.3%,0.0%,0.0%,4.1%,42.1%,3.7%,36.1%,0.1%,1.3%,0.0%,0.0%,0.0%,0.0%,0.0%,0.0%,0.0%,0.0%,0.0%,30.5%,33.5%,36.0%,0.0%,0.8%,1.2%,1.9%,3.7%,70.6%,5.5%,16.3%,4.9%,6.8%,15.7%,4.9%,4.6%,6.6%,4.4%,3.1%,3.5%,3.7%,16.9%,24.9%,0.0%,3.8%,22.5%,6.2%,3.1%,6.9%,45.0%,12.5%
,,,,,,,,,,,,,,,,,,,,,,,,,,,,,,,,,,,,,,,,,,,,,,,,,,,,,,,,,,,,,,,,,,,
Yolo,89,209,"16,682",138,"15,667",34,"1,395",67,0,0,0,0,0,0,0,0,"1,569",40,49,11,8,677,"6,608",717,"4,697",9,295,0,0,0,0,0,0,0,0,0,74,40,86,0,8,8,2,16,205,13,92,7,3,13,3,8,1,3,2,3,2,12,28,0,2,7,1,0,3,17,9
  Percent,0.2%,0.7%,48.7%,0.4%,45.8%,0.0%,4.1%,0.1%,0.0%,0.0%,0.0%,0.0%,0.0%,0.0%,0.0%,0.0%,10.7%,0.2%,0.3%,0.0%,0.0%,4.7%,45.1%,4.9%,32.0%,0.0%,2.1%,0.0%,0.0%,0.0%,0.0%,0.0%,0.0%,0.0%,0.0%,0.0%,37.0%,20.0%,43.0%,0.0%,2.3%,2.3%,0.5%,4.7%,59.6%,3.8%,26.8%,8.3%,3.5%,15.3%,3.5%,9.5%,1.1%,3.5%,2.3%,3.5%,2.3%,14.2%,33.0%,0.0%,5.1%,18.0%,2.5%,0.0%,7.7%,43.6%,23.1%
,,,,,,,,,,,,,,,,,,,,,,,,,,,,,,,,,,,,,,,,,,,,,,,,,,,,,,,,,,,,,,,,,,,
Yuba,32,29,"2,092",38,"2,885",26,459,17,0,0,0,0,0,0,0,0,871,24,28,4,5,250,"2,455",262,"2,236",4,164,0,0,0,0,0,0,0,0,0,45,47,55,2,3,1,0,1,25,2,5,1,6,8,5,2,1,3,0,1,4,7,7,0,1,3,1,0,0,4,2
  Percent,0.5%,0.5%,37.6%,0.6%,51.8%,0.4%,8.3%,0.3%,0.0%,0.0%,0.0%,0.0%,0.0%,0.0%,0.0%,0.0%,13.9%,0.3%,0.4%,0.0%,0.0%,4.0%,39.0%,4.2%,35.5%,0.0%,2.7%,0.0%,0.0%,0.0%,0.0%,0.0%,0.0%,0.0%,0.0%,0.0%,30.2%,31.5%,37.0%,1.3%,8.1%,2.7%,0.0%,2.7%,67.6%,5.4%,13.5%,2.2%,13.4%,17.8%,11.2%,4.4%,2.2%,6.6%,0.0%,2.2%,8.8%,15.6%,15.6%,0.0%,9.1%,27.3%,9.0%,0.0%,0.0%,36.4%,18.2%
,,,,,,,,,,,,,,,,,,,,,,,,,,,,,,,,,,,,,,,,,,,,,,,,,,,,,,,,,,,,,,,,,,,
State Totals,"18,261","24,126","2,186,662","19,939","2,608,184","8,005","193,617","8,184",4,0,0,3,1,4,2,1,"340,669","14,021","11,742","2,486","3,219","128,681","1,238,988","125,365","1,013,471","3,884","50,275",0,0,0,2,1,1,0,0,6,"14,099","15,302","16,603",18,727,556,619,"1,084","21,726","1,598","9,534",774,"1,486","2,876",565,706,891,678,707,721,852,"2,360","4,241",1,340,"1,292",346,106,355,"2,620","1,385"
  Percent,0.3%,0.5%,43.2%,0.4%,51.5%,0.1%,3.9%,0.1%,0.0%,0.0%,0.0%,0.0%,0.0%,0.0%,0.0%,0.0%,11.7%,0.4%,0.4%,0.0%,0.1%,4.4%,42.3%,4.3%,34.6%,0.1%,1.7%,0.0%,0.0%,0.0%,0.0%,0.0%,0.0%,0.0%,0.0%,0.0%,30.6%,33.3%,36.1%,0.0%,2.0%,1.5%,1.7%,3.0%,60.7%,4.5%,26.6%,4.6%,8.9%,17.1%,3.3%,4.1%,5.3%,4.0%,4.1%,4.3%,5.1%,14.0%,25.2%,0.0%,5.2%,20.1%,5.3%,1.6%,5.6%,40.7%,21.5%
,,,,,,,,,,,,,,,,,,,,,,,,,,,,,,,,,,,,,,,,,,,,,,,,,,,,,,,,,,,,,,,,,,,
,,,,,,,,,,,,,,,,,,,,,,,,,,,,,,,,,,,,,,,,,,,,,,,,,,,,,,,,,,,,,,,,,,,